ID,NRD1,KIAA1045,CMIP,CACUL1,TBL1X,CHST15,HAL,CLUAP1,MMP25,TBC1D14,THADA,MYH9,ALOX5AP,IGF1R,ETS2,YKT6,IRS2,RSPH9,ZCCHC2,USP32,RP11.295G20.2,OTUD5,IFI44L,CCT2,ILK,DHX58,NCF4,USP18,LINC01001,SLC2A3,WDR43,KCNJ2,CMPK2,GTPBP2,ANXA3,NAPA,MX1,GHRL,PI4K2B,IFI27,FLOT2,BCORL1,MXD3,SF3B3,FANCL,OASL,UAP1,ELAVL1,TFE3,TMEM92,LIMK2,TREX1,AGPAT1,C16orf72,TLR1,PGS1,HERC5,OAS1,CKLF,NFKBIE,STIL,ZNF318,BCL6,WDR89,NUP210L,SPIRE1,GATAD1,HVCN1,ENO1,FLNA
32140213,,5.19478434996041,,9.758390476949,10.5162900940557,11.252116995530699,9.6417070472911,7.87839008090108,12.4718093792281,,8.81450445824479,,,,9.68313110679327,9.72223081337721,,5.52050944491248,10.702332918451999,10.3289974932562,6.24199098052623,,11.700371261105799,9.02318426689293,10.951589754028197,9.874467034408,11.677108384119599,8.887777400548481,9.99249637378886,,,9.60800476964434,,10.1796546580212,8.80209442672876,11.416433484712,12.953524792849601,,7.7737640375325725,7.648236983014599,,8.107081239704371,7.749592243911789,,,11.202295632596199,,,,4.59170383808304,11.411579944638,,,,10.440892936737301,10.1685814929755,11.378282576888402,12.4104366101045,,,5.5141115066039905,9.09701478446111,,7.3122423088857404,,,,,,
32140214,,5.76002565683162,,10.0698911618837,11.033133258558301,12.0708138643734,10.4941016298314,7.17882523992336,13.631675426398498,,8.660608774122009,,,,10.070498018911,9.86504628699025,,5.570416059384018,11.023094454384301,10.6169348866724,6.4963674844518104,,11.0861473916134,8.9008763684181,11.039596313558901,9.950801970972812,12.4090829749142,7.94553798777138,11.379529718199699,,,10.324551515025199,,10.2526209182929,9.091510206454,11.706797536210301,13.531244638454599,,7.4075542383276,6.40281914240383,,8.29277452938623,8.5470429249835,,,11.740347051355501,,,,4.670537955631169,12.2137543873534,,,,11.043852999638801,10.1827054438483,11.686800780055199,12.504175505994198,,,5.87847861089104,8.77856798843266,,6.9028799573573485,,,,,,
32141654,,4.800785251095469,,10.2435304742607,10.6540133525486,11.632868974158301,9.60654840326504,6.92726541858001,12.5421016310449,,8.565477581934768,,,,9.963143771591971,9.45710539857007,,5.57400678100968,10.615124486178,10.568004686637199,6.900631840160759,,11.0091496767254,9.27540021543674,11.013928027044,8.85046292786971,11.8510076653343,7.81992842020031,10.799873720318999,,,10.0579997561004,,10.1049294658627,10.3665880553965,11.0170086323237,13.131789497125,,8.39256330490235,6.02978325221495,,8.71922435901781,7.98145571077695,,,10.7468517163098,,,,5.12017001572708,11.457792998858599,,,,11.071064034739099,9.6962450704336,11.4443483397038,11.621168867685,,,5.38634547851408,8.890912387932099,,8.15535145911834,,,,,,
32141706,,4.69291956377481,,9.84178151153685,10.4798794588376,11.436799146940901,9.65504065598495,7.32663668101688,12.735653773343198,,8.710484171562621,,,,10.1262479459831,9.415678097547527,,5.5827622410202,11.240047951474097,10.769217714786999,6.51822264738536,,13.105068112144199,9.40848560018466,10.730804065686801,10.000137665598801,11.942689175099595,9.694239552174801,10.719441429190699,,,10.131206533834801,,10.429507210721901,9.62775054290529,11.4160099389897,13.6508612724301,,8.37069783835782,12.786852872004001,,8.424632563764911,8.27836327301792,,,11.371550410192599,,,,4.31135587830365,11.601788330195198,,,,10.5888727967518,10.2471434205241,11.883151491212999,12.9434115160575,,,5.67446422643939,9.50608515086788,,7.71105132177388,,,,,,
32141773,,4.67216829618986,,10.0275972035904,10.3004939611349,11.661615101073199,9.81635758822108,7.53356390940105,13.680890089154301,,8.82138808552556,,,,9.43963891348988,9.67320718352348,,5.65211571976791,11.253779136521,10.3631218623556,6.263559138747129,,13.169818993687699,9.2343364877767,10.691316182955699,9.65447066968918,11.8719082889574,9.64044602035368,10.293526341071699,,,10.040067515555402,,10.275470510748,8.922861563699641,11.0701068598323,13.804680563406,,8.30055733663775,10.2970515702374,,7.70078970136808,8.16153123111997,,,11.5305908066834,,,,5.03396146288048,11.433851482755498,,,,10.819254463220199,9.74586271992238,11.773813016531598,12.7452072632361,,,6.14677131707409,9.29615232853297,,7.4700518939919105,,,,,,
32141775,,4.55029490429482,,9.53260971156395,10.0816533628915,11.2717553532249,9.536768397952171,7.72377303077741,11.7669921537223,,8.78597067970037,,,,9.31755634164749,9.75226513591107,,5.17018949742441,10.942673090819499,9.9304633106323,6.08855011262347,,13.140927867601302,9.07710897478141,10.7001512654658,10.1360834758126,11.4256813909057,10.005117535173195,9.76130850433294,,,9.23486269581533,,10.2132713548924,8.124154220545371,11.3106751958779,13.4541541747525,,8.10211236429223,10.8506885712922,,7.599140840056441,7.95109465440881,,,11.4084864321067,,,,4.40086390478391,10.8481915661772,,,,10.4136703243924,9.7048104183922,11.5737079888688,13.0417911232714,,,5.6155190897346605,9.486779211697481,,7.404977810078571,,,,,,
32150034,,5.244710727990929,,10.2348839918996,10.831502131845,11.8065061905094,9.81781228136257,7.189896994633111,12.5793994063713,,8.713814622176981,,,,10.1212384594686,9.66394060144459,,4.63061125528999,9.620717415539,10.682075871783098,6.6083668544674685,,8.765398402320791,9.464627704498279,10.746767975814302,7.89540650265329,11.8728879257089,6.12251172873273,11.1159471645419,,,10.5971035240696,,9.55229869546391,9.5374805192888,10.5178635837858,11.045180649073501,,7.96073628746395,5.24696210577251,,8.724511797609251,7.92004245136994,,,8.5547176788189,,,,4.83895372539833,11.5583958171646,,,,11.0560947375242,9.861136702377511,9.057030261541787,10.1351466948685,,,5.41740997380943,9.133284135431119,,7.781225074316031,,,,,,
32150069,,5.78586452677496,,10.011508864321,11.052347515557,12.0237024265541,10.242509688811001,7.19275822269633,13.131931993280899,,8.81098493616668,,,,9.97714196349795,9.73134358446249,,4.76694155122766,9.89880514583511,11.0170031758701,6.7634044223666105,,8.320585925853731,9.14317278619929,10.8840845422931,8.491248579440661,12.328448912894599,6.01729346188519,10.224382240880301,,,9.850091286548071,,9.73214878475213,8.5169631053143,10.752531233696802,10.455773472334,,7.53684364076368,5.5653413330336,,8.93263416428916,8.27781753721473,,,8.84116221570339,,,,5.24286313211334,11.65248606771,,,,10.905454584210801,9.5767745681278,8.68823722880109,9.900179667662519,,,5.32345743146578,9.07986205766171,,7.742850536962051,,,,,,
32150091,,4.759407727085129,,9.749557824929768,10.4101974665928,11.243208053470399,9.50485681174526,7.24476740580207,12.115451758978699,,8.86577519415253,,,,9.61521621726898,9.61981676939131,,5.2560627855992585,10.5632393637699,10.4297459336201,6.22820708268789,,11.651284328808401,9.47040612172245,10.638991505560499,9.08178784018959,11.455974351155,8.5197185367209,9.39810578663066,,,9.44054609560097,,9.74781281203174,8.6174238781312,11.049771022743304,12.6004185596069,,7.98904849472783,12.0013849499753,,8.51234151168601,7.638705951669508,,,10.6629335447132,,,,4.718098553846152,10.784228607067401,,,,10.514130840820698,9.13264158547609,10.966284279705999,11.977537419347,,,5.411201320559959,9.36671383716803,,7.93081519857659,,,,,,
32150099,,5.32683414431722,,9.92911058280714,10.8228055743076,11.316244581463199,9.62432370947751,7.32970164282091,12.257095529830101,,8.65120441472146,,,,9.889838098040698,9.65388074892151,,4.55335186734552,10.3131554170513,10.4959374088363,6.377989718083072,,10.058327718368199,9.700941226116493,10.5682147920373,8.70677463039864,11.4002348370207,6.86673462512427,10.5723884919216,,,10.2563652990724,,9.40613798068383,8.53190586342087,10.6419168957366,12.260603297651,,8.04796327059694,5.71560472693487,,8.61264567734312,7.7124380956269505,,,9.31368419396953,,,,4.03814617523423,11.0665677215127,,,,10.557236198832099,9.34627043579435,10.343306950083699,11.211230667941699,,,5.96677220599772,9.496696039566329,,7.91837641468035,,,,,,
32150113,,5.1478568877635,,9.753855555365279,10.412898304541699,10.941739403194301,9.324578502452212,7.51072492282395,11.753833770906,,8.821767860809869,,,,9.599428223138199,9.52445512736074,,4.636086765892019,9.30760847049331,10.3988611180519,6.0596139735374415,,8.611386419767031,9.70830687091346,10.402713922119599,8.03980888730117,11.0827463669165,6.37270807354007,10.6325044962554,,,9.43835478454666,,9.30174206587965,8.66187627855164,10.1428807024671,10.576574065632801,,8.010311714202759,5.214869580420401,,8.44829410796535,7.9496658681966785,,,8.59493408599434,,,,4.29245721212646,10.6387959641762,,,,10.2898265822962,9.5683264214705,8.86754911454566,9.92690617322087,,,5.583350446321501,9.53889312053453,,7.97493085246149,,,,,,
32150118,,4.81503816757321,,9.79035469446671,10.4770748723691,10.972134584468696,9.344955784243153,7.81101265848853,11.5095130962986,,8.76610291643969,,,,9.400420800912132,9.5153349473827,,4.8838854870353465,9.51863717173689,10.0067226304393,5.992570406376832,,8.666531921554942,9.66627851809196,10.4822028411569,8.08694470430528,10.7434825350125,6.37277670669909,9.39264517847171,,,9.35228531791092,,9.35867241938663,8.02463482617254,10.3498404324777,11.0524660002981,,8.27152385666818,5.033856961209732,,8.230696975241571,6.9019435218685485,,,8.64290637279377,,,,4.767120606223799,10.4127011436082,,,,10.1232693038176,9.06318046700542,8.96381792203691,10.013272943503198,,,5.70158826173658,9.64173864712901,,8.13639156542609,,,,,,
32150123,,5.14379696909939,,9.665131233547669,10.5355757881782,11.0585363255356,9.26828170507639,6.96267698720564,11.953637978691301,,8.52295954539102,,,,9.82338631797741,9.56517001445634,,4.87225933713203,9.74722009255648,10.416816781267,6.266442858029048,,9.556849105742973,9.50594954250135,10.741005948061199,8.76552683571379,11.0895725391222,6.93556503256698,9.38781021842664,,,9.758286054557038,,9.7433684883906,8.07693435211326,10.694184492080801,11.234672646714401,,8.09875964535355,6.254904716380709,,8.45907220962915,7.81017155484698,,,9.260269555880999,,,,4.65055324724232,10.8169613645819,,,,10.459724216399199,9.212607327552401,9.64323922550144,10.8282170838004,,,5.6899836187001,9.219325166376699,,7.80372678196416,,,,,,
32150150,,4.5839746312813405,,9.771767227693061,10.0995072359572,10.6798479530395,8.469669553488501,7.838196205328701,10.3379470471698,,9.00648204266772,,,,9.51245945524382,9.488411654833241,,4.8368844716223,10.1335466939703,9.96479725443949,5.392849679843731,,12.1432603855054,9.82396327557042,10.298157753066901,8.90727805530488,10.1225329650472,9.106436978297117,8.96499646063213,,,8.882675245645052,,9.45975183859078,7.4412836903722095,10.5268492447181,12.6983054423369,,8.499199374571349,9.26877191843812,,7.85186302064654,6.381477488930111,,,10.047776214998901,,,,4.40423963066588,9.988062711763801,,,,10.0096165150994,8.67899679508256,10.6617969018975,11.909497695052199,,,5.944746154376071,9.588219646826909,,8.264998964103821,,,,,,
32150152,,4.16706596119571,,10.3697353686296,10.1077531765266,11.6699972618801,9.3617370575332,7.15592702051692,11.7414242009763,,8.55595814773335,,,,9.751826896696599,9.50446483901461,,5.25787750166795,11.8027352032439,10.6937135202637,6.74541800506125,,14.3936825653961,9.584496201774009,10.647853767407499,10.9159229515904,11.278069901028399,10.937935557268501,10.322338692512302,,,10.4997979202709,,10.5061670562644,10.008074243457301,11.7886636022988,14.6658076598946,,9.38067937246394,11.3557788293653,,8.141499525920871,7.98932993284862,,,12.517091993161,,,,4.58677683631403,11.5024708458691,,,,11.457198709835902,9.59863369922236,13.156706438338402,13.9602050797102,,,6.09228443642478,9.045283832687339,,7.919511848709531,,,,,,
32150155,,4.49581192761162,,10.0376056636634,10.2652265458424,11.2928284456337,9.80161500255865,7.12938798742926,10.6595824885369,,8.84528295141554,,,,9.738628519483699,9.5312626659979,,4.48367293057326,10.722193592069301,10.446294369127301,6.30548689167417,,12.3581273548467,9.58312346998143,10.5453107911411,8.6973208223263,10.402913928138599,8.514938086416661,9.378253734196921,,,10.303382658000599,,9.725962653368187,8.50658429281005,10.519768379682,12.51261268297,,8.24225605136431,8.2454855164943,,8.067855748963469,6.83251546515201,,,10.4601746469617,,,,4.04719768997329,10.5249986011149,,,,10.461552993730802,8.817676289797669,11.2749641888042,12.218007724184801,,,5.6479588724058605,9.60604550749246,,8.08035764439202,,,,,,
32150159,,4.437584683503991,,9.71098340217741,10.0836328648255,10.6784690569664,9.03224753288355,8.43828471384188,10.4433985426101,,8.86018898142839,,,,9.59267154380993,9.107334838492527,,5.09548153374589,10.739427710803401,10.3697697985234,5.85027690238134,,13.1229311170531,9.87232811013992,10.053721097335801,9.05447315587142,9.89966256309483,9.62295690348466,9.61049571819756,,,9.39851933664748,,9.15366886591391,7.9887596277906106,10.2927535465845,13.3213858027636,,8.88736230661079,10.5407387663131,,7.708092920356539,7.04403769214736,,,10.5908794646785,,,,4.3113548997767595,10.179019871231,,,,10.4382967455026,8.63459135753176,11.4062501820487,12.1352133909145,,,6.044414094470941,9.66504709592642,,8.692356878147029,,,,,,
32150164,,5.0663394618171385,,9.78924952867441,10.5390117824059,11.325455824507198,9.82476585443995,7.29901002850515,12.4993851752141,,8.7220590934798,,,,10.1729536475823,9.44763288360675,,5.38014020709782,10.777077804841499,10.619925667978901,6.190578133423071,,12.231639204832401,9.50672242420769,10.4908225005161,9.37679021356504,11.4221364205999,8.87198523201192,10.544895604982301,,,9.99973352875814,,9.80521618723194,10.2379884664436,10.8273587604246,12.870289972358199,,8.136527062350579,11.878225701427601,,8.246338052700949,8.26378908069007,,,10.567591041215099,,,,4.06933046284226,11.4259892236642,,,,10.6177056489624,9.99663592263399,11.5197293920432,12.3674557556765,,,5.51932752330091,9.54623586546175,,7.73490898596601,,,,,,
32150170,,4.844845262856482,,9.876369240293393,10.5315732174149,12.032056376636099,10.0374118604077,6.933923349087981,12.860967503845501,,8.38447655482783,,,,9.96858267427382,9.538840465004867,,5.03867276052275,11.163832324962499,10.7057175875929,6.41805769155975,,12.3373698873963,9.049577591587019,10.6736744335567,9.83599790657068,11.6838929197943,8.74084671003871,11.328687989398198,,,10.2862212543371,,10.367398057670501,9.578717775285,11.279048074363699,13.2456322827129,,8.13856502607251,9.24712625899234,,8.673293813586369,8.23749172211425,,,10.8530087746279,,,,4.9884030517575,11.379186043778999,,,,11.046741629989901,9.73366459677245,11.2128129626619,12.4832841070637,,,5.64209617920243,9.232126247787301,,7.494326774542017,,,,,,
32150175,,4.16003590725918,,9.41628054569138,10.1097422696183,10.563515137814301,8.65772897086304,7.57809146191756,10.8120575214587,,8.78747329473633,,,,9.568086001081367,9.529041777924519,,4.44903812453444,10.0575918404601,10.004941975762199,5.85399968245127,,11.8373843389734,9.585687378231679,10.2987402556135,8.97582832262007,10.204774931889999,8.72606422097074,9.743963520713221,,,8.825329934679212,,9.54792203157154,6.8490089165480175,10.5626828986062,12.5638579300025,,8.41536339027257,9.61640928078178,,8.53128020617441,6.90064307384518,,,9.84788235126755,,,,4.08758277786713,10.0427424479245,,,,9.64416466008455,8.877256209725982,10.0218373840828,11.5032642479879,,,5.58558304791329,9.713820965213527,,8.07368379734932,,,,,,
32150182,,4.85747621416609,,9.972449380790948,10.274345635468901,11.177973420019999,9.545401929684301,7.03009177844313,11.529387252971599,,8.576817955870549,,,,9.60052350636589,9.47172290332834,,4.6320794267062,10.9244609172126,10.3927271713259,5.79286615877601,,12.349459275545199,9.771792824822347,10.5678620032492,9.14683085204182,10.8820054551688,8.49529042774371,9.91163440664782,,,9.61536067835576,,9.72569161955746,8.779408898510669,10.598463483309901,13.189640700411598,,8.320437138797539,7.6467592602566805,,8.16503485397554,7.21821075051867,,,10.5430991876522,,,,4.03771621611617,10.7778704504165,,,,10.496869948164699,9.277172922248159,11.312846165668097,12.1376338760503,,,5.59871020606831,9.69357967172446,,7.99103633808987,,,,,,
32150231,,5.463925632758071,,10.5002846741634,10.965732672551502,12.171978885561499,10.735098996554699,6.67360174645411,12.861291686657,,8.49682875447343,,,,10.159259532724,9.73169962372491,,5.39885934541453,10.656773615745301,11.370989059166,6.76484166118364,,11.1055216740494,8.92036225079525,10.741184982995,8.69052426460216,11.861372641465099,7.09650548773759,11.3620793371857,,,11.009490562969301,,10.0036073863544,9.53828467245923,10.6896457134834,12.6229306538792,,8.08674153486645,6.36491422727365,,8.49170231472752,8.5507346449751,,,9.499493049146619,,,,4.79211660303238,11.8641351008045,,,,11.4232029715811,10.1083413449689,10.7280856391345,11.005791455615,,,5.190199652123599,9.255047964560713,,7.506980058189359,,,,,,
32150234,,4.841299566237799,,9.50478905747699,10.5350427711961,11.2093606316049,9.19550623888242,7.13695512983331,11.8210774281184,,8.800413412076619,,,,9.641929134274,9.63920628077754,,5.135460064595611,10.2624822634745,10.1943200406273,6.12742409405234,,11.256727274960301,9.57699334680027,10.5647961060452,9.11686693280785,10.959026893691401,7.924646645103249,10.466743079862301,,,10.2232579886338,,9.633669755085348,8.053030240876629,10.8385302713061,12.646976214207196,,8.00490461174648,6.0987678969080195,,8.51246897993629,7.7846753822164905,,,9.82204642349917,,,,4.656548393771209,10.9199644180562,,,,10.216130918160001,9.58537201627852,10.225453537558401,11.578830358393304,,,5.6320752812120585,9.45940074931607,,7.74713081308697,,,,,,
32150236,,4.47575549702209,,9.617902634219499,10.1401456693979,11.384315837979699,10.0057710548515,6.971647668500579,11.5024471614047,,8.781610931265991,,,,9.920169653170973,9.47821622355535,,4.76248383924361,10.9216933667359,10.2265744857067,5.41007704171437,,12.904917555232,9.60612259771511,10.4398607141564,9.46771880977089,10.838134522700301,9.1120304939854,10.112089407228698,,,9.20060299085576,,9.940184513758359,7.12878292408291,10.6946865421082,12.889172640615001,,8.39744486208089,8.942963589443481,,8.15047763107118,7.320241678598619,,,10.2687449379416,,,,4.10741554340559,10.2195288776904,,,,10.057467943966099,9.59920289864216,11.413817839261,12.164089861602399,,,5.96709056940174,9.67028534085285,,7.869801664589982,,,,,,
32150254,,5.04908432387972,,9.76533905768206,10.1349175607575,11.020382413812301,9.6569422926542,7.7228949579332005,11.6397841522899,,8.88809205511699,,,,9.48716242510188,9.366419449440581,,4.690637238408269,10.498473929013599,10.3140146317016,6.0373637014853205,,11.5457510566815,9.20190784694789,10.3318082995262,9.19886741333307,11.0200041450424,7.85126787399797,9.873956456999071,,,9.14356480589608,,9.54794298455336,7.688606977020941,10.4705479670865,12.4483553972364,,8.61694815037082,6.489112446148582,,8.31748463675293,7.49477261185188,,,9.66052987283272,,,,4.32984927028283,10.3872276374429,,,,10.2103182503402,9.470937968676528,10.7936821769681,11.1786048912173,,,5.53991394166824,9.52745469543907,,8.13569830758414,,,,,,
32150257,,5.13389623067083,,9.81067934871353,10.336207732929301,10.956015857655899,8.97320308195955,7.633242915036909,11.3970823019627,,9.03568753965048,,,,9.569526450905279,9.34079035767818,,4.80462821738074,10.5746542778733,10.4202092894044,5.93710222357813,,12.038872790168801,9.593791353919011,10.408965906894199,9.05412262705201,10.979839118083598,8.63826102959308,9.726951541458787,,,9.62700548346751,,9.63508763788702,7.922966768732308,10.4171348280278,12.4669803398842,,8.23052374175551,8.959445249850019,,8.262487256760469,7.300487539773378,,,9.79876595772008,,,,4.01962937146003,10.3507148699687,,,,10.422002887298401,9.44057484697084,10.740697892789099,11.7201187926335,,,5.878247560198928,9.48884872217935,,8.03841371447526,,,,,,
32150258,,4.77253424805004,,9.598430218342141,10.4498007420848,11.0003478556833,9.60326907768705,7.19575738853237,12.4730635195605,,8.81828601811718,,,,9.75086751494848,9.604115033516589,,5.03358119196932,9.534615990140301,9.992555249339267,5.6992512294777,,8.905419794550882,9.637157757473071,10.6561110757495,8.430518822676719,11.6248324010395,6.76863974261228,10.467586056143599,,,9.29349404096052,,9.621506826476963,8.40177885696433,10.6872597679198,10.866671170515401,,7.817129462326231,6.009236179353111,,8.59065748464289,8.01100608645523,,,8.89924208506431,,,,4.40813162361846,11.079620627961097,,,,10.1131595650918,9.70369978599576,9.30661307678274,10.3099930235686,,,5.379802720776969,9.43408786548046,,7.865385797820443,,,,,,
32150263,,6.25678213771046,,10.450425478399099,10.7473972441452,11.829973540230696,10.7250597830056,7.12618653352255,12.826182454079401,,8.75196144947887,,,,9.858963811377269,9.36353987980435,,4.62354516739784,10.003802206733699,11.17677909444,6.14503408240135,,7.991264128582691,9.04139401343197,10.260163429122805,8.14621747443861,11.671989765973999,5.72953780613683,10.462902709561199,,,9.90910511282156,,9.630114338628221,8.98532144455825,9.98256579349848,10.3495683407374,,7.671012073994559,4.89867623449812,,8.37231505521662,8.05387644874124,,,8.92027022442698,,,,4.94408742599601,11.125436299184699,,,,11.0401696612865,10.1400371003342,8.83815588615715,9.34887822464567,,,5.77354127933339,9.53961712974734,,7.97199857442399,,,,,,
32150271,,4.36439046635544,,9.700028350294641,10.230962406583698,10.953417668686301,9.59139141291676,7.1235640644406795,11.8341407012222,,8.86411462103437,,,,9.445593849131381,9.4215276656356,,5.31897885586109,10.896102350855598,10.349049736482,5.8676651287795805,,12.9521878263622,9.657656331386539,10.4172465246151,9.664869831210039,10.797448371241698,9.181674162253259,10.6790616962978,,,9.97168618223734,,9.94516419225067,8.5087276859147,10.715179292203,13.326991112783599,,8.57546778190815,10.719662849441098,,8.0835056996476,7.33744170556023,,,10.666388335527001,,,,4.05606770465577,10.801735594332195,,,,10.290321981494401,9.360732959440213,11.4559053214191,12.5874616319944,,,5.6207333933093295,9.90223953856412,,8.18896578372085,,,,,,
32150274,,4.69411788763,,9.83284738834359,10.2148506798387,10.9092036496103,9.63583017591516,7.264106964809719,12.2080492424775,,8.73351323520131,,,,9.72014216288008,9.48568772690589,,5.06464816148947,9.68365980420934,10.3562384396886,6.205523518360598,,9.57242993050774,9.57800054781142,10.4653183546638,8.49477545470493,11.426281455065999,6.3139298606372,10.781610092009,,,10.241717140562098,,9.39995624680258,9.12664764408319,10.4220853939695,11.406708044768,,8.21952171860533,5.12736745006067,,8.17589791154455,7.89407901623541,,,9.01566272032779,,,,4.01962937146003,11.076433417432199,,,,10.4051173723378,9.7246298973129,9.69453434709472,10.598221397870699,,,5.46962899693802,9.18274759342893,,8.188445933024619,,,,,,
32150279,,4.91935541612591,,10.0768238077864,10.6126699410309,11.42036967167,10.3441974756869,6.941800502147468,12.715374864494699,,8.57610648817018,,,,9.76013940783274,9.47290614892435,,4.61856609014568,9.83885642492747,10.5460145305798,6.03628798220395,,8.72457487183775,9.26642340357106,10.500041047800302,8.325278860390169,11.919268564402499,6.1459352937544205,10.9384552548988,,,9.87164416215093,,9.86581457376316,9.19464771948432,10.2895793921656,10.8562762524754,,8.03677555714866,5.60896114078962,,8.62490502992856,8.37667602680764,,,8.45081948798073,,,,4.7305261082124686,11.3248392911678,,,,10.6177426532652,9.834038582545212,8.96859963850863,9.994440150781507,,,5.41517468939477,9.321700052884301,,7.80545368164816,,,,,,
32150280,,4.81636153305638,,9.7908505586911,10.528993888512801,11.023446206996699,9.52340428111457,7.419914279810492,12.2653882114482,,8.76280224489653,,,,9.58693812361346,9.6544339911568,,4.03739207685369,9.04961263060703,10.243271971024901,5.8908210121885505,,7.2727540327625,9.3065682418094,10.743157185559301,8.13691864409752,11.8229143446526,6.46705430425622,10.5257113182827,,,9.46334533008368,,9.64703013529713,8.579172213687121,10.288671782846599,9.3016071455865,,8.104559363642531,4.76982743032683,,8.36440259823183,8.12962347164081,,,7.9408796572785905,,,,4.825787991088308,10.9517424304684,,,,10.1033444718357,9.71934883203949,7.879341816195541,9.646724708801882,,,5.34175529457088,9.16871220216757,,8.087364901584259,,,,,,
32150283,,5.19161936147868,,10.139827734439,10.650645428508401,11.7986449725265,10.222549771703301,7.23050264082748,11.910005074379301,,8.75667586983904,,,,10.058345922667,9.44801092889928,,5.481116987143589,11.445578705394098,10.8645840632372,6.29139278189411,,13.255538228501198,9.43001329481289,10.323438783705198,9.64701661976277,11.259466600539401,9.33503741948875,11.1073344914558,,,10.5239752734839,,10.071698328615499,9.39492096946902,10.8224661383366,13.4016717684499,,8.32176317087638,9.57682012907935,,8.40293926837718,8.38512701123486,,,11.086131103655601,,,,4.70389794521925,11.2879352826874,,,,11.0072953355149,9.99427931772528,12.2153031207234,12.735138410955,,,5.63979151231361,9.57890164037944,,7.89688420945071,,,,,,
32150284,,4.714131714207452,,9.755108171912733,10.320747845021401,11.568306811605401,9.80775372350467,6.98308889066421,12.319920076280999,,8.7557067356895,,,,9.93976869553506,9.57244303519485,,5.66077480856317,10.906277352732301,10.498136657849699,6.20722111016386,,12.2900750259393,9.440085425642305,10.5665010619842,9.568160873913572,11.6655077201613,8.74154005270058,11.2514457510153,,,10.4193387919711,,10.087908208383599,9.70048097635609,10.911292449809599,13.3038406828666,,8.4067122944998,9.770127097620607,,8.099930860611611,8.13134662473655,,,10.697389942437301,,,,4.4638045457103495,11.6021563565979,,,,10.8539292907544,9.96925909774121,11.5194382821289,12.033514553798002,,,5.35539332392207,9.5678495189489,,7.8970572387529,,,,,,
32150288,,5.134309512666331,,9.73534829631707,10.494140995838901,10.6797056776121,9.660574993321301,7.34393769050546,11.168551421777401,,8.979526150842961,,,,9.48585909131671,9.375225570030699,,4.01962937146003,9.19062303842392,10.296665381628099,5.52511538336496,,7.9085079367723,9.635170130287039,10.1617059148446,7.66290718457057,10.566008875983501,6.101284135730751,9.221545908569801,,,8.986589031844199,,9.259363262662527,7.578223376371571,9.632186201004382,9.6227240181377,,8.295056306865911,5.18804127950243,,8.30734626339771,7.20000570605111,,,7.75847371928383,,,,4.1062459702795895,10.2813918413519,,,,10.300131834180599,9.164907231001001,8.224028734795459,9.62495930270852,,,5.497601972724709,10.0660387219965,,8.25919339637734,,,,,,
32150292,,4.67889674569106,,9.546423684464619,10.3103141055682,11.214227695067,9.79584225032649,7.24671740538159,13.657131361335098,,8.80342870201971,,,,9.431237826227859,9.370824814328019,,5.5267295529023395,10.9578771496563,10.5881079200248,6.21173680509414,,12.5011902984746,9.41052029101498,10.4510679952056,10.0096319777836,11.794718033555698,8.96868430171287,11.365087559430801,,,10.2921495075361,,10.1658951635706,9.478801176894713,11.2149333299927,13.2577002599181,,7.935524518563138,8.22674487181713,,8.71108141940312,8.428060874539321,,,10.856176783780198,,,,4.41843436633868,11.671309297312698,,,,10.5929805532049,10.2866023500395,11.377971414115901,12.4978768731184,,,5.37296030381762,9.65649697371384,,7.84578745573454,,,,,,
32150300,,4.01962937146003,,9.933443530770221,10.162234115805301,11.301425374519598,9.95033741452875,6.95874369727746,11.7413476789517,,9.04439884821457,,,,9.09696014478618,9.63271960274091,,4.91241385197871,11.303336723765199,10.470544780299301,5.86534490770634,,13.6605747039748,9.565869028172962,10.3414552564777,9.88752709922681,11.125001994410301,9.70397974523993,9.8380446786895,,,10.0488023168916,,10.072398197585,8.80616556330259,10.855785802186999,13.2456808459838,,8.73098917374137,11.7352652441091,,8.028198466781511,7.667629747286679,,,10.955632376951597,,,,4.764246735414571,10.718889025548199,,,,10.6235470245413,9.421838079850893,11.613628674903099,12.5262725836031,,,6.27745715882102,9.607313503354607,,7.84152786214599,,,,,,
32150307,,4.743164773014732,,10.1749281541708,10.36593629489,11.2661688566819,10.1147001789368,7.14619511241589,12.2759304684393,,8.70888284900007,,,,10.389304443953401,9.44144939394414,,5.0675980076655,11.4059840030526,10.813612418098801,6.0546623765193,,13.5791639177154,9.152932144497722,10.513979921424001,9.61873664261052,11.1863523657425,9.418973485080212,10.372287226538802,,,10.3967808970352,,10.089828071557902,9.54470026924969,10.8093848688581,13.6611925367068,,8.6222433743313,9.077160125633073,,7.7650868668695585,7.726101571250299,,,10.8020392301531,,,,4.62083540742232,11.102175676335001,,,,10.746061118540304,9.48410626842719,11.932776692764799,12.5490669833375,,,5.25745401337687,9.337107051418947,,7.95020443397267,,,,,,
32150462,,5.17749483012053,,10.0181829999465,10.6260451167074,11.999496479197399,10.5466244922958,7.045471737546201,12.9307034369355,,8.55564477150176,,,,10.2110767653393,9.59896193030522,,5.85639970961341,11.154104021931698,11.331793266770001,6.88615015406844,,12.218553119876098,9.32536419072491,10.797049849715,9.38155825249523,11.8510411617871,8.26004558137565,10.8960300768458,,,10.8330417199282,,10.1505138720866,10.0821172430121,11.1526195746899,13.2487431217404,,8.23399081528746,8.89485431390426,,8.982851857173713,7.91808044598633,,,10.9882935552352,,,,4.71201890004719,12.1332273112567,,,,11.278490627028198,9.92756633317193,11.502126195244301,12.1878161794603,,,5.77757721112147,9.234226800124839,,7.70628200441563,,,,,,
32150684,,4.991283443700401,,9.53253468382258,10.236776488319801,10.490239866314699,8.60293328956446,7.38713050912357,12.0609767897283,,8.79418766046589,,,,9.476329983852288,9.49201781883815,,4.57433678287458,9.06820427218239,9.75555025809446,5.97245904882939,,7.78396464254632,9.66670088831269,10.419294247644599,8.32426146083957,10.693268218857,6.5156445372404805,9.45253411523209,,,8.87423415839308,,9.104504030948867,7.445092396759289,10.3806855167981,9.612622459853787,,8.350812232599619,4.9320156972124805,,8.320639725535429,7.116578253031559,,,8.35993625464459,,,,4.315322103154149,10.0701522553855,,,,9.78137889961532,9.10720000431641,8.290479940225941,9.40630598390229,,,5.45557292616212,9.34084634888074,,8.33625722229399,,,,,,
32150690,,4.6212778496955,,9.96325365859505,10.2854828094199,11.162070844854501,9.182466476629118,7.25244466812052,12.123532116087,,8.60110741611109,,,,9.43912113244761,9.653853742747751,,4.98842363192829,10.5013580154938,10.345396223883599,6.158453248697112,,12.1369236600857,9.67795451671236,10.371383320275699,8.67737396127635,10.4512316593227,8.93458735435229,9.54905380556313,,,10.136152441780302,,9.610040799431447,8.26016039453714,10.392685227566,12.978166719337402,,8.60488346437702,8.05080376056708,,8.08131466204183,7.281194165450048,,,10.282629180071199,,,,4.01962937146003,10.6906129498781,,,,10.435510603042301,8.970505589794099,11.193113618559599,12.005918888845699,,,5.68738119820654,9.53567651641987,,8.15812068364153,,,,,,
32150696,,4.55093530126476,,9.86170978175828,10.7800030457303,11.219584000406101,9.3804083186876,7.526805595089399,11.8193868863896,,8.80814385967164,,,,9.84404923371982,9.552466523443119,,4.89433458021092,9.955782941264447,10.5738949355456,6.44841154683612,,10.001895206609198,9.39725987861747,10.535655693787199,8.30148202678238,11.395831047974902,6.84004161188748,10.182060299751699,,,10.1955567175583,,9.45102509983614,9.567891952258721,10.5370366973987,11.4001748338713,,8.268975140297341,5.79725958280609,,8.57175657547535,7.80999779564107,,,9.08443163264117,,,,4.614430677967532,11.0265271978312,,,,10.6989115165907,9.700698177649947,9.77146872356632,10.6958391394536,,,5.69022649109336,9.35215791377887,,8.12422919703032,,,,,,
32150744,,6.127658960135889,,10.5624024679381,11.421694938318698,12.3500863837357,10.8214592957461,6.69835142121492,13.629159559331999,,8.59099938735662,,,,11.637256450392599,9.86483268882037,,5.22490367384041,8.90896650906995,11.7280775609366,6.963380489787119,,7.70269298452435,9.208803520980393,11.365292243060301,7.5015795605022895,12.4668905067786,5.3900672955365,11.648368650851099,,,11.787661451989901,,10.086767593444305,11.414775549497099,10.722793815959301,9.63706730889222,,7.5379730059431305,6.14743594269862,,9.04179133689006,8.476084470527901,,,8.580430491668821,,,,4.858160388942912,12.534848722174,,,,11.9075668682932,10.5280037135204,8.22183081546889,9.69764781981196,,,5.401516414496349,9.18132991961849,,7.36796343156103,,,,,,
32150751,,4.82925714967697,,9.854733667765393,10.317800423997099,11.4481628712222,9.39683022474231,7.29450315247432,12.0742236862786,,8.852782518175117,,,,9.665207171297189,9.67998139018092,,5.9123358408832,11.528835512344699,10.3415158950219,6.14858744054325,,13.5220585621406,9.55778797538138,10.817184178396301,9.971100852111679,11.3694969821195,10.306802561062801,9.77479960755861,,,10.034539226202499,,10.353170551202,9.042670644355699,11.286807564779599,13.54224768267,,8.38476544299825,13.551742915479801,,8.4944181895088,7.69397086951489,,,11.6795348322854,,,,4.81369709010119,11.3951012171227,,,,10.8616005785261,9.28183521584826,12.1518598806296,12.907498676073699,,,5.603019840236289,9.00056552051315,,7.88248025734206,,,,,,
32150754,,5.3239581957032405,,10.620984433919695,11.4601438408812,12.3086209589344,10.4462055531575,6.776473793647809,13.1310799764266,,8.71480483858779,,,,10.863391330076801,9.564014582141429,,5.0932100596688,9.665536177239721,11.3098271845296,6.8580823450410096,,7.76751524850101,9.13276774657208,10.674242226235599,7.37356571543842,12.1037459413095,6.31524997470574,10.761608110089801,,,11.249732508749304,,9.39928348805292,11.010817661505305,10.2333319619536,10.0110635583652,,8.24493009500695,5.66874839993841,,8.95362788912883,8.81093772456707,,,8.39339651275197,,,,5.34446739882116,12.1698403594152,,,,11.867934316917601,10.5047885514697,9.036900820353301,9.77172089353013,,,5.34374366461442,9.24662269099324,,7.92001226512112,,,,,,
32150767,,5.06272102348944,,9.48970199172351,10.371664744168099,10.5410637600966,8.70183709822617,7.809920743489469,10.7765247045452,,8.953954801632921,,,,9.252884456514009,9.47751583475806,,4.43234382731666,9.39352611726612,9.84631161712396,5.769093602037821,,8.66516944942003,9.80453281191726,10.2771925791864,7.80487003079103,10.1503529477816,6.75694698284833,8.57433289805396,,,9.05486247184069,,9.13486557074741,7.142430130327232,10.121017223585401,10.971810750346696,,8.145022524356019,5.10135971362672,,8.2799402850937,6.90636642895095,,,8.27599387307191,,,,4.01962937146003,9.88978727544948,,,,9.71555961812158,8.77728450938324,8.91353857422697,9.84456616324139,,,5.57631766828716,9.5518424924698,,8.4338914177852,,,,,,
32150831,,4.98080571001096,,10.141841110751901,10.890955442829304,11.704855630301301,10.2292919261045,6.90388957401572,12.880849480013303,,8.61509662085677,,,,10.062207850864,9.48298423012357,,4.88615328753165,9.98763375484594,10.9759015965083,6.68482667923532,,9.10079477275546,9.222589931542641,10.777376785833699,8.52278330068499,12.2238560335435,6.412311867002798,10.8280759574092,,,10.316408291292198,,9.668308709245661,9.557572084914948,10.942151271593303,11.461157786491102,,7.98566790656345,8.08158068614122,,8.90319276198491,8.512205357251931,,,9.64143875270655,,,,4.76495832282116,11.7826719036337,,,,10.9806926298346,9.99537893248359,9.922257313306881,10.710673307981,,,5.5465575915514895,9.11758603276708,,7.34539451930632,,,,,,
32150847,,7.224245803352151,,10.520496160479695,11.6045333958723,12.6385068452014,11.256489000694597,6.90566353369513,14.139442095123696,,8.59369725672545,,,,11.125501994375801,10.1497748572204,,5.35241339724685,9.22178959471196,10.956620951585,7.34674962497105,,6.791862907624839,8.90028619940214,11.2560678807296,8.105486513869991,13.2133093847634,5.733159759269331,12.174414759674699,,,11.0415301513902,,9.86620665462223,11.5765731243312,10.9487823158141,9.41606332733623,,7.32554222751099,5.53519341899862,,9.086755311406847,9.72154425134184,,,9.29271419845977,,,,5.193141665794419,12.3782498212887,,,,11.475544197204401,11.051218101510502,8.04054641069524,9.50122589105994,,,5.0661543290753475,8.70736353559461,,7.21375378703059,,,,,,
32150851,,5.00228373132046,,9.92722336927133,10.548047803967801,11.1240976247457,9.63581075304749,7.2648864329492495,11.905465807458599,,8.60871576004474,,,,9.674115690920699,9.80247962591702,,5.772629563444611,10.184185675317,10.0020710174225,6.05002740769644,,10.582748060486198,9.316937817400527,11.2620808100843,9.30379142232457,11.6707423472745,7.92719456207212,9.794898621372301,,,9.68796787259767,,9.99491083393198,8.668237324364071,11.344857901851,12.5758985471875,,7.88116991663223,8.841481964747,,8.01399858390542,7.40951082838853,,,10.3926822388404,,,,4.90401680317796,11.0777916526591,,,,10.531824446146999,9.65147383077661,10.9312340273609,11.488701675094399,,,5.3466044088352005,8.95490615194172,,7.11691005525939,,,,,,
32150878,,5.90354793673339,,10.007521796565198,10.9144146765856,12.0405744153349,10.3882163814998,6.879532973601839,13.0515905231566,,8.67607185449975,,,,10.098111436631301,10.0019441455066,,4.557484821710951,9.183767808366301,10.554782724251801,6.56061031177491,,7.47800805050341,9.27245499579059,11.111964865913,8.07628834905677,12.2764222164423,5.42805678495187,10.337207978085,,,10.1574253495072,,9.689497814656539,9.08494524384419,10.6224438074209,9.680892822349948,,7.40962222534825,5.13854475104703,,8.50379685831371,8.30892541831267,,,8.61331490612347,,,,4.675470091600031,11.6330057708679,,,,10.860018921507699,10.0872185702369,8.412558926453741,10.3026120030295,,,5.58308709679108,8.891079061799491,,7.21364588644526,,,,,,
32150956,,5.000866529187904,,10.067865838561,10.667695543960098,11.183359925509501,9.50754520512392,8.15191763371032,12.9091458683398,,8.966451891433369,,,,9.691342900519368,9.23508142705065,,5.312589470287,10.821487512193196,10.5753850118585,6.31974091815922,,11.4466643623196,9.669326393755119,10.198801589573598,8.879835374886909,11.4101951703114,7.93910422449908,10.5635531645136,,,10.4248018169064,,9.56696599600799,10.056556039835,10.6187509518056,12.3630218261025,,8.35926812896087,6.26937478376306,,8.460850633647409,7.30801133394654,,,9.69049021023411,,,,4.31281457156811,11.398074145924099,,,,10.9915452952302,9.621895697945869,11.265228628927,11.798538536746,,,5.779676553380611,9.51137233913621,,8.46289626404267,,,,,,
32150968,,5.17029507967821,,9.888214268448527,10.121508802379099,11.5578466210639,9.67230927158989,7.297402773302378,11.5079795380424,,9.10177664796949,,,,9.3422257459629,9.43394411640024,,5.28745671495072,10.996201588136199,10.5156421603594,5.461524029999219,,12.9467699517989,9.66679409112699,10.4441913262065,9.320708566843491,10.775375335875099,9.25602701255909,10.109539157051598,,,9.70746576941397,,9.91807616094717,8.24166279834945,10.5319739483816,12.9026481901775,,8.80293911077202,8.41578581749922,,8.05657404339302,7.725294140858788,,,10.7292185439634,,,,4.573176109092589,10.729491012296599,,,,10.622836057779805,9.454419301904599,11.5341084254431,12.367680874241,,,6.31931045668728,9.48927504733426,,8.0247295066666,,,,,,
32150980,,4.91503588160985,,9.85078970967534,10.2790849420493,11.215112310092799,9.73219714073388,7.41292919008473,11.952336520544801,,9.033950449975778,,,,9.603439372913929,9.511622718104473,,5.41132514033887,11.224811724983699,10.5701246409771,5.929903770660889,,12.7248143725347,9.547340444680913,10.3145695698557,9.303774223028617,11.3751871823999,9.54312509571949,10.0123346063803,,,9.78471760954771,,9.84800874145379,9.181040037816107,10.830961783566101,13.310313710743301,,8.59113864458732,10.8337736959932,,8.37790150765114,7.7609190284648895,,,11.386533191651301,,,,4.59892891434371,11.0659669073199,,,,10.7030926692854,9.40162624220182,11.6922169072966,12.539726386377499,,,5.80151612263405,9.61680141933807,,8.09981980788361,,,,,,
32150983,,5.00459953726077,,9.74499246705706,10.358492769748501,11.056853904749598,9.45716780389192,7.56086376592944,11.516937570323696,,8.91868693800699,,,,9.34747395375691,9.3024792472582,,4.7765124298929,10.4340944839322,10.2813720582072,6.11672435621275,,11.2515318295012,9.566738611881721,10.336193784777,8.84552327129606,10.931437834100802,8.09367944767612,9.13739889177984,,,9.55461884183172,,9.53156311375176,8.18823195341367,10.5325388953061,12.572909843322,,8.37820536929039,7.7778525517632815,,8.36934154262346,7.1104588254114995,,,9.98715782632317,,,,4.05616488307517,10.3969632355205,,,,10.336467426048198,9.06272081597494,10.6123249893245,11.3606321684539,,,5.673901575793331,9.468215078026919,,8.16552213778392,,,,,,
32151025,,5.1954669002194676,,9.880083734147481,10.434817026259099,11.1651912958236,9.45020797216003,7.80906474454148,11.7586336934888,,8.550304651566929,,,,9.606224261614779,9.52268868247784,,5.35556720117515,10.906159419800101,10.429920174208801,5.783789215928402,,12.1256924927194,9.61790910132136,10.472056047332302,9.159921600085367,11.0521120599649,8.39623708493975,9.79605678244478,,,9.805799573756367,,9.73005677250971,8.39337529865621,10.842476403391302,12.770079840788698,,8.41467906230149,7.7977011868737005,,8.38420747922703,7.238233249382469,,,10.5767209310563,,,,4.724076214337611,10.8014081202461,,,,10.4173261418716,9.133834424654859,11.370740984286,12.411015130264301,,,5.73440362889084,9.47921803556507,,8.080109846519,,,,,,
32151028,,4.16706596119571,,9.9987258467114,10.260403052343099,11.4094987921014,9.26469309380872,7.05990088820869,11.4661272893083,,8.904363727956461,,,,9.49743556432985,9.3775920450096,,4.97572958558628,11.289383520688698,10.4903638968684,5.868144139883619,,13.7463103948716,9.37206960557665,10.3782033818803,10.045519966603099,10.9990189884866,10.0445187029659,9.399697128046759,,,9.89710241558356,,9.9794808431858,7.90794458070356,11.0577099386917,13.9933172456122,,8.66032073410681,11.1647770501105,,8.11918452896228,7.0452414947556905,,,11.4649827242506,,,,4.53293760991551,10.6751482123155,,,,10.6590267269276,9.018535413832259,11.832836108901901,12.9361695459254,,,5.803838857436769,9.95479788049462,,8.14096355952514,,,,,,
32151032,,4.52514206366945,,9.996378315928233,10.5897445227085,11.4133923207078,9.52984256542682,6.979564377596412,12.341997334519,,8.48044484791997,,,,10.223561586291302,9.891440109902199,,5.24628361968464,11.2185190473695,10.5107143626013,6.60586872332978,,13.2595717587615,9.54579932390855,10.9148514453474,10.0067643185999,11.6110552319005,9.863415561393973,10.093473261421801,,,9.92719438182583,,10.1829705481132,8.99930674117762,11.416695345003099,13.8536433998247,,8.0241562951324,11.642356830108199,,8.26353775255262,8.05797731969021,,,11.531146954872199,,,,4.47732967006301,11.3049633004863,,,,10.7120006439073,9.77429258712925,11.8130291672985,12.9820204122169,,,5.356255480240018,9.19708250531163,,7.41479712903308,,,,,,
32151033,,4.3972873888612405,,9.88556808279045,10.258614964438198,11.2861593797303,9.36894561490886,7.28854881002146,11.859928034640602,,8.59751471898399,,,,9.76381925337677,9.615770059138802,,5.3931983164969015,10.931007724728198,10.582260666157401,6.08804424812432,,12.369910742619,9.63977036310979,10.7797399821088,9.2962043527564,11.374796363898303,9.225671948466019,10.150680738892099,,,10.2373586743586,,9.91647679639605,9.35242518258845,11.1475906415327,13.155368566006901,,8.40198449540063,9.89412982243048,,8.20246301926629,7.39750659231451,,,11.0981881951839,,,,4.63786517936505,11.5587772189993,,,,10.8091899919114,9.565621512771859,11.3817585769456,12.414507248531802,,,5.53023124198328,9.3528570371543,,7.89055013675953,,,,,,
32151034,,4.46880585294444,,9.646788852552053,10.131093615997198,10.7458335227325,8.721439425902961,7.511322181818839,10.9509883961959,,8.89666430307468,,,,9.29332907347232,9.62414485346254,,4.8879584441777695,10.6617567780382,10.372572480392598,5.48738005134483,,13.0717345156481,9.72815821746152,10.460640555236301,9.10159626879459,10.5372860741554,9.598219794683187,8.64257648369186,,,9.25445882474856,,9.713441664874553,8.65228449592422,10.773464291348601,13.0325415943218,,8.5368040169556,13.789650225615402,,8.11762833927011,6.76674352295454,,,10.765728236271801,,,,4.57496514674178,10.2715956716665,,,,10.303230222413198,8.73578146944431,11.1123844699314,12.7665448471594,,,5.9543185402043095,9.41796210401425,,8.136288456995949,,,,,,
32151039,,4.82503773990894,,9.570635614059801,10.386441028012099,10.7918370993012,8.798292398309972,7.36540739631117,11.772486081219899,,8.99852928920221,,,,9.45933989039486,9.554916049292482,,4.85249393004635,10.2879820347088,10.136911340928801,6.25748079767974,,11.141595469823502,9.72864819872211,10.4102170895672,9.147918878422473,11.0528805983135,8.34416225399238,9.507663815315642,,,9.24091096678181,,9.56800484253769,7.708241478435661,11.0566410871732,12.5278038291156,,8.14093606840727,9.52686929619797,,8.35285271584327,7.17485740764163,,,10.300094005021501,,,,4.39279353143789,10.683331786437199,,,,10.091591362439301,9.36426347059198,10.4549199281572,11.479107934038696,,,6.02855474849612,9.35067406860246,,8.02050092333537,,,,,,
32151042,,5.523244200623091,,9.95707133052034,10.5933971287535,11.5211696048291,9.96407447437187,7.65915545661828,12.200976969516699,,8.52728590268366,,,,9.648759910520742,9.39574077335686,,4.90003970747394,9.70161044263609,10.492163515953198,5.702621237899691,,9.84722558638898,9.5091993434794,10.5492795038101,8.45148322153224,11.4421755003168,6.703929992690389,10.4954307640539,,,10.016490978928198,,9.69344410679197,8.43591080975707,10.6537349167138,11.4191630077253,,8.155677289599579,6.890716065671951,,8.2110080892809,7.592092119119378,,,8.973904698588461,,,,4.1062459702795895,10.970126076544304,,,,10.786514596329598,9.64616031625012,9.37652813196941,10.2407533203759,,,5.422287056166309,9.47335032183708,,8.15417051336554,,,,,,
32151087,,5.2391463071455995,,9.981503295071251,10.3687653222015,11.233659093229802,9.81674445604318,7.31030225330576,11.8741561379058,,8.97401418753808,,,,9.732179034105927,9.473885978403528,,4.94423646489272,11.315806794214499,10.648051713866698,6.27444711235482,,13.1451520268011,9.476945191541027,10.207075712648699,9.27457576850169,11.0293532229703,9.41101393686294,10.391508893952699,,,9.942687617001962,,9.82164664630197,8.21045866729726,10.5603548592094,13.3239409631641,,8.596667110407651,8.58041532064925,,8.429202641964611,8.12285867587397,,,11.207981326673998,,,,4.59991449264739,10.833668619435501,,,,10.7822480425192,9.255360777252491,12.129799411897901,12.6148948302565,,,5.766458402416589,9.67954059552981,,8.09914045293264,,,,,,
32151096,,4.869700269432942,,10.2048785385214,11.109081661074601,11.844305199719901,9.98064781990764,6.81890331505674,13.130854302318197,,8.7503265936244,,,,10.2289940620905,9.741961726358527,,5.06595304137967,10.031426686059305,11.392618167232197,7.43444983851081,,8.95581640701819,9.19848421355265,11.067915726865301,8.1651256660362,12.3984855586773,6.256932199333099,10.5801928073184,,,10.887906696236401,,9.79111343468276,10.531446160032699,11.531273316347498,10.784538020736198,,7.9271693191854915,7.929259360014441,,9.06135499591263,7.80707094248758,,,9.900943058294287,,,,4.01962937146003,12.1352629569108,,,,11.1445999708236,9.66876381769167,9.70791931072704,10.2967470035961,,,5.49229470697755,8.99588774059063,,7.54208857532411,,,,,,
32151111,,5.399803384849871,,9.91051456291862,10.493316635038001,11.3508503247909,9.79970286591499,7.465706895181169,12.6167897887549,,8.69598469339041,,,,9.63776021534609,9.47123526687738,,5.0891991331477815,9.111173585824881,10.3827901737427,6.3391795412649286,,8.15653406081146,9.19837023527098,10.5085651870164,8.15362114455781,11.655632821058399,5.87345729835413,10.736627423846699,,,9.81856606283581,,9.645697226035052,9.0911333302304,10.199094673619,10.296293181927698,,7.82428119710333,5.178841702177401,,8.772279554859491,7.92755010475465,,,7.879907956152349,,,,4.1062459702795895,10.9517847186321,,,,10.4194277406777,9.791020517356381,7.922116320262767,9.87304817468185,,,5.53753754849171,9.31769823916388,,7.97721011756557,,,,,,
32151118,,4.9406556838315705,,10.0628434054028,10.772035669560099,11.808507909764801,10.378602687199802,7.1097017798286615,12.876111008182,,8.68301347863109,,,,9.89236134259477,9.82092196218946,,4.80484249932739,10.057782151310699,10.7804721379439,6.82601047178175,,9.17948051001595,9.40017449174442,10.846062717490499,8.52585874342399,12.5604642890672,6.155468647856718,11.8483730112493,,,10.880666398624802,,9.80235720004619,9.68755931820168,11.0051944315082,10.643867721315699,,7.879595507250731,6.73311804144642,,8.69489650770347,8.71248070795461,,,8.80484274208985,,,,4.77813772330508,12.1507805605289,,,,10.986303898108401,10.686100184239098,9.59884438009775,9.97031360628384,,,5.56331086525311,9.38237895384518,,7.55796404460042,,,,,,
32151122,,6.32974495406278,,10.5111153477944,11.190849511005599,12.481090099512803,11.5710323189136,6.6443516017851785,13.7624322707042,,8.447812559813519,,,,10.3746469827441,9.78017050499199,,5.024430722236599,10.0684842437896,11.172707270523805,7.072552795266218,,8.84593560294077,9.039348760318001,10.8809778301669,8.34454228581001,12.866035000039101,5.73891883547444,11.460689461860499,,,10.496888250278401,,9.76723192778942,9.868230069135619,10.9186252646416,11.260455418012599,,7.6803697795737005,6.75923613494828,,9.13083508018942,9.36382709346308,,,9.87282199181873,,,,4.97102216201672,12.273315499863,,,,11.171107974435596,10.6450187949937,9.1727860675937,10.0823774552354,,,5.79661094235453,8.94322756666618,,7.309149332970509,,,,,,
32151126,,6.8751201670569895,,10.3814785837243,10.950221818388801,11.981437996788001,11.3033869895278,6.489991481270501,13.925414494257,,8.74438308782792,,,,10.5313422424951,9.9067428021938,,5.41724238205745,11.0318003837031,10.9449364344889,7.08142429374164,,10.414391834342199,8.9470225320167,10.842380569316301,9.22268387697064,12.907601736563098,7.55759728703614,11.9200027740315,,,10.9581009542981,,10.0842439759976,9.758248191686901,11.396661315977001,13.0392461043823,,7.5722919732637,5.7680391484985325,,8.780052120883159,8.8067161908293,,,10.3102208203839,,,,4.66759429979204,12.3044750579846,,,,10.8341620980023,11.0193076783774,10.977679298060998,10.9553011489486,,,5.09239998604796,9.09267481264173,,7.11832387822001,,,,,,
32151135,,6.50805888054607,,10.752779464649803,11.3902757115186,12.984327335617099,12.066364338404801,6.169511006785902,14.3200695237551,,8.258160478078299,,,,11.2009456996965,9.873875671236199,,5.34016254793015,10.345790546717,11.923275811598499,6.947698718100481,,9.27276503577263,8.823669132098651,11.059578084744999,8.32926522296699,13.2626379585443,6.0774819250123,12.142903910351901,,,11.7146221999059,,10.080352556734699,10.4933920675319,10.7561663848076,11.854253371199501,,7.249580173586191,5.93201374153025,,9.42569467348057,9.59670933622458,,,9.239997056918241,,,,4.94749371592956,12.700397658221199,,,,11.821458607186901,11.4529364662349,9.68827873027081,9.50435470599174,,,5.36174689970664,9.310715122964641,,6.90054664338001,,,,,,
32151819,,6.05440032552786,,10.4000108444546,10.9234524632544,12.4676800670732,11.237150676488199,6.956363635235982,13.6756905258056,,8.58262957135931,,,,10.414864890105,9.80123813886511,,6.2402015489066684,11.8706366366371,11.099111740652301,7.278618122802008,,13.7521273916783,9.10188695454981,11.1420613274311,10.6294246690611,12.792244237966699,10.0138737035614,11.758618661264,,,11.331974343592401,,10.8184346753334,10.112969479325,11.711862162932999,14.2265520097574,,8.59398053109717,13.1509509976968,,8.65108813336752,9.032885082220838,,,12.1000410528809,,,,4.08758277786713,12.3799583637899,,,,11.2830078140459,10.672932765024099,12.272722868613696,13.1648778222829,,,4.47260815010466,8.89528111786616,,7.60943936733325,,,,,,
32151824,,6.67214818786755,,10.7898529555789,11.234685395758701,12.8533285833587,11.211669552339599,6.6044615844523396,13.652487401877694,,8.67919173854552,,,,10.2668220781931,9.67884728273325,,5.12984835197307,11.036540759706302,11.5409097619541,6.45166010899756,,10.4982900356811,8.78580423832155,10.646097454091999,8.816747426595429,12.5161930922206,6.18850393633207,11.537108629900201,,,10.691451454228302,,10.095465883764499,9.692954105089882,10.807569159533,12.4108289938819,,8.01600278727117,6.786506243301459,,8.94763569617292,9.18775938260166,,,10.416363133733,,,,4.7628139705332195,12.0856353900405,,,,11.7212367411104,10.610297319318699,10.6248782169245,10.777801327581198,,,5.21361246916304,9.211857577454081,,7.2644671851863,,,,,,
32151831,,5.6047578694719995,,10.266782458626,11.283571607191,12.234665470942499,11.325050440467301,6.15503144412888,13.369261754758599,,8.76335237536816,,,,10.8064356364847,9.6951380087329,,4.64014385592764,9.53828298810975,11.2752786848871,7.12290714146636,,8.03395118291724,8.99844690833141,10.8953063989446,7.9532305347352805,12.6509302126696,5.6937854098252405,12.283704045035,,,11.842310313191,,9.9085461030002,10.924829031276698,10.556258815895,9.57859484036325,,7.50836531581859,5.157843225285768,,8.93147043697451,9.316616666068633,,,8.88543347730362,,,,4.97971009340267,12.145595487080701,,,,11.7052208792613,11.2596674163069,8.3733082468605,9.64590028523455,,,5.36942791864503,9.3475487010796,,7.28192822475953,,,,,,
32151920,,6.85249504779894,,10.6300269249572,11.6283883219762,12.6031562572031,11.8674870460447,6.441766229426332,14.3143759215868,,8.4889441329342,,,,10.601973524811198,9.8821764483541,,5.54170339376515,10.6768469598,11.3171429360888,7.5493667576464105,,9.864283368837759,9.259393713009187,10.929125545653903,8.35649505201177,13.191699868004001,6.20176724452497,11.786826001750699,,,11.518977644505998,,10.0868395656842,11.015421787236097,10.682939866600302,11.4763815518194,,7.618337474606942,4.7790423974562,,9.119854835029221,9.25370085364181,,,9.73221833375828,,,,4.92976986797594,12.5762264364623,,,,11.6752385256039,10.9179485295895,10.2225279762818,10.012497980309801,,,5.54100843265325,8.964222542987981,,7.40647112840354,,,,,,
32152088,,5.75128713052574,,10.3219943844291,11.065459766209305,11.7643700648243,10.8731699248677,7.18686221888286,12.9158456228385,,8.76182588818266,,,,10.424754776890401,9.76046013036944,,5.1071815723694405,10.4439319303506,11.2003832174052,6.982379553071178,,10.4432326771015,9.35499251347393,10.688883249101801,8.05493201975399,11.9892326105553,7.01094109436474,10.9158818159798,,,11.607621936317301,,9.623772179603687,10.3594254570856,10.813810229342305,11.6044292278916,,8.34534472901843,5.811602305464059,,8.84366839931941,7.993503812899211,,,9.780091392502142,,,,4.887859634679769,11.8438967559227,,,,11.396151542277,10.3846222076823,10.1030527806656,10.353145507968499,,,6.27522271179884,9.12703113644885,,7.75543996087068,,,,,,
32152171,,6.756832400722129,,10.7442730422027,11.254695724304302,12.5439857707465,11.471284312737598,7.0062418035953495,13.445050019125302,,8.61940970302122,,,,10.819860150146804,9.69411964763271,,5.179473013908161,9.229326607886641,11.2191425860593,6.57492509771091,,6.929669825457361,9.11420655190264,10.6043165292166,7.522796286618768,12.649100461252198,5.90171034317865,11.7106825303441,,,10.7400202016902,,9.73213502176952,9.92512692432118,10.4102388896693,9.66676989601634,,7.77578101977444,5.456633841170571,,8.89663537359973,8.51218574478177,,,8.52155771951025,,,,5.07523963636427,12.003235083041695,,,,11.5894193468672,10.7471474035274,8.23761139154442,8.94819523430035,,,5.71282334726772,9.153158560167661,,7.6793262037411,,,,,,
32152290,,5.20690529726563,,10.205142895593301,10.7808537270295,12.0588141631737,10.5098150267841,6.88165169998297,13.424597114760498,,8.39300589670037,,,,10.2079285244139,9.59069451570517,,5.12118807249192,9.93409273391927,10.9099875683623,7.14187105601472,,10.2245776919727,9.25960364714148,10.807121082258401,8.15382162257887,12.495589452467101,6.69606965673203,11.244448556509699,,,11.152013150730099,,10.142354659262699,10.4723572595749,10.6394338470114,11.5552533449014,,7.843323766596741,5.21968667141041,,8.92655335426514,8.94146986920384,,,9.56593134241904,,,,4.56102655614725,12.4798186272892,,,,11.0742872750968,10.682985556753,9.559403223432133,10.491722620937301,,,5.0930366963330185,9.552717379073991,,7.44902631160067,,,,,,
32160039,,5.44377688812331,,10.5014418074675,11.4846707313535,12.086764741461101,10.3770948697177,7.11467357607739,13.021762365909,,8.986578698333881,,,,10.403103285109099,9.68879894275594,,4.45985071757842,10.1601177610516,11.129471023650401,6.71558548620301,,9.63414475047511,9.3403256074163,10.5115911683945,8.28584558213053,12.0230118721609,7.00125286499172,9.90617524495468,,,10.3098519836095,,9.57670993595816,9.54012081298126,10.7984534031534,11.527368877630801,,7.85028162176921,6.971366364284822,,9.16183962849635,7.66961454332566,,,10.1222451539471,,,,5.19429529141967,11.789212607043,,,,11.4432513249626,9.884477276268287,10.1509989448788,10.5184775640202,,,5.441944289215879,9.401344728711301,,8.01893190003442,,,,,,
32160666,,5.74488644469871,,10.8620827249415,11.5170564185994,12.5936492122354,11.421809163345499,6.460279178202442,13.333090242164,,8.50807343976853,,,,11.350294959822195,9.71287937039909,,6.1173201651818205,11.7106418629794,11.873900912658,7.34136807193851,,12.7081935547228,8.694006402032809,10.872053751039903,9.63115271238643,12.635414182602196,8.5771298121175,11.9043486896719,,,11.928818491203899,,10.3134444903451,10.5783809414619,11.459857895525598,13.9023833319229,,8.00125941601004,8.82507409092064,,9.00373459632857,8.296396690823249,,,11.7618317803374,,,,5.07719906856573,12.4375998936521,,,,11.8461013821084,10.6866113901453,12.1304073628458,12.6663343844751,,,5.2577911106078306,8.887535057127641,,6.90086031413069,,,,,,
32161006,,6.2584704478722095,,10.8443143061319,11.573599536248699,12.570931264313199,11.066067268918701,6.68650946566674,13.8113997503286,,8.6812384578812,,,,11.045912200852001,9.91928609721716,,5.507219249254758,11.4272849357525,11.5517757683115,7.4238166491502495,,12.5993601424596,9.021262828854448,11.1302397284576,9.56857628325938,12.952225290664199,8.85025732100225,11.235764627640199,,,11.4628613446472,,10.4017576419136,10.8690984666648,11.531462047365196,13.1974663640715,,8.01547089591272,9.82099008961849,,9.34935567189252,8.68064013557529,,,11.5877730511462,,,,5.156839717889981,12.424256017643499,,,,11.6277429415008,10.5534302490009,11.902768397597699,12.8909520397747,,,5.54418473000133,8.82542859074263,,7.48487784733436,,,,,,
32161016,,5.70990409759861,,10.6916730291765,11.071878602165198,12.386333532458199,10.771552347078499,7.02051571688426,13.3406821079385,,8.71648472974343,,,,11.1662021435051,9.615535723626241,,5.80691625039881,11.628378020952196,11.5041715137389,6.89773264903734,,13.308340879811402,9.35996439326259,10.8325329588004,9.465317998299591,12.4858903071102,9.27607362820663,11.2959410932356,,,11.680873427757799,,10.4742219903904,11.0899942723313,11.159066151547695,13.929656295580699,,8.33738525625528,8.80624891088478,,8.85810880226281,8.73356416501693,,,11.215311461156098,,,,4.53136643773588,12.2758670867948,,,,11.8741103257874,10.6711138976471,12.287965176110196,13.2634756019386,,,5.373364967389281,9.119849156592421,,7.83520928405534,,,,,,
32161111,,5.3971965483770585,,10.2175754042178,11.002268770259096,11.9856090770155,10.6809420669617,6.78569071674816,13.550413057402,,8.3743191599499,,,,9.91698877374207,9.71776439628377,,5.073096908465581,10.2615379241594,10.8047572063499,6.66119238381855,,9.311916978841461,9.08690164870059,10.835826202106302,8.61943959350903,12.542788522801098,6.3956652143282495,11.9012161853126,,,10.5346552374606,,9.92249323549275,9.79550474203759,10.5765644280686,11.579759379948799,,7.807066686099992,5.49881773551762,,8.98805074052322,8.71303062862476,,,9.41995145566468,,,,4.7069099706970094,11.9516815519522,,,,10.9291651447895,10.123373198366801,9.7913656018619,10.3260843626706,,,5.0318342729052,9.40413628619748,,7.36849862999555,,,,,,
