ID,NRD1,KIAA1045,CMIP,CACUL1,TBL1X,CHST15,HAL,CLUAP1,MMP25,TBC1D14,THADA,MYH9,ALOX5AP,IGF1R,ETS2,YKT6,IRS2,RSPH9,ZCCHC2,USP32,RP11.295G20.2,OTUD5,IFI44L,CCT2,ILK,DHX58,NCF4,USP18,LINC01001,SLC2A3,WDR43,KCNJ2,CMPK2,GTPBP2,ANXA3,NAPA,MX1,GHRL,PI4K2B,IFI27,FLOT2,BCORL1,MXD3,SF3B3,FANCL,OASL,UAP1,ELAVL1,TFE3,LIMK2,TREX1,AGPAT1,C16orf72,TLR1,PGS1,HERC5,OAS1,CKLF,NFKBIE,STIL,ZNF318,BCL6,WDR89,NUP210L,SPIRE1,GATAD1,HVCN1,ENO1,FLNA,PREDICTION
32150950,10.960335975049544,4.5061373329201695,10.159104016262356,9.550441810113972,10.22094174912139,10.524860582143237,8.924937038472953,8.182748311715049,11.262987967124348,10.583613997237267,9.132013344660312,13.936056236634569,10.586914028023868,9.611597623890999,9.195956395258856,9.557904840948943,7.9832395339940145,4.91791784614953,10.346124367661439,10.179130321210756,5.926982416496643,9.864396393684178,11.234711585209448,9.812800213218294,10.1448934479095,8.64975867595952,10.51331804326808,8.451480120352958,9.88591815584894,11.368166041240109,9.046881974338843,9.33596137175658,9.773725698922954,9.392959129784543,7.944790222197573,10.548920152929727,11.954552561061135,5.732371664276793,8.275155567113536,11.15672565124212,11.623577827693977,8.359468055996647,7.179426006142447,11.197166166133899,6.578345611651847,10.227052671957017,8.061758104208268,9.464800301355844,9.953377076753013,10.447746961359753,8.439687087666428,9.464039368603956,9.759823714040186,10.108996152007764,9.000390978153401,10.634565791383388,11.280492889605346,8.690737897080743,8.117866682391332,5.423225887544729,9.626378338855536,11.178726487225964,8.472550642746,4.303362796231345,6.285661399691813,7.947082819084427,9.804579099566832,12.567861579753592,13.978335575365088,3
32150952,11.344816052761512,5.687593961171218,10.718576552199648,10.142882964703787,10.879282753292603,11.751945997741618,10.282729338164,7.160870736560803,12.175418096327508,11.046469806131036,8.981958545962588,13.972800278531325,11.771992170994634,10.415754260370944,10.264499695619202,9.58885703935337,10.090513898161355,4.822026874158167,9.8784741245833,10.940534844220183,6.497571976165633,10.041823306303073,9.405974784757811,9.633072837110893,10.668527346749176,8.32411175742026,11.588023023519519,6.588062710728423,10.220454502603301,12.29962054517291,8.854458136023007,9.809877129476034,8.711444577721009,9.440099911241258,8.590877110631945,10.461859134299244,10.843485745023719,6.697677374675073,7.938535962021903,5.716534982860866,11.841864267798574,8.621313470728909,8.041459914308712,10.826196535564325,6.043628105317137,8.82347743826458,7.6741480622907,9.207586031649102,10.457526897782087,10.903909989925415,8.096954806402238,9.704783861632244,10.075330728991807,10.7513791231292,9.165592233525363,9.73053017803875,10.487327462494353,9.67212930181536,8.264229864767172,5.736061530657457,9.419305832582047,11.706258358210366,8.178024068799782,4.490196145484745,6.634069284025773,8.019512561790838,10.403449157042237,12.608099627160184,13.85035195189876,2
32151047,10.963817658906967,4.488222142894267,10.086877998415682,9.487570335225943,9.884420989785305,10.167051338110824,8.238531997262474,7.503483279155974,10.176229548736064,10.391970007519918,9.069106720569016,13.755016274362744,10.152071582536207,8.906115115110769,9.09224724604116,9.605509211897447,7.755184079404956,4.6589421044862664,9.5282626628502,9.835440100038447,5.764472876538892,9.803299478572088,10.087145747473196,9.924282086251132,10.538285879408685,8.775803718888001,10.073272940298901,7.323498461157452,9.072414545590325,11.214063686159331,8.910395718082052,9.012035814199114,8.98091261967067,9.34103520674762,7.786856435091197,10.510574325010866,11.32704716566198,5.867665871687343,8.508165335465351,7.57398113225115,11.286318087298325,8.04456349395966,6.979301652306268,11.172605157183154,6.695932486966147,9.61763663700428,8.192869382300056,9.382117025543252,9.672414295355393,10.052686538382137,8.26223111007308,9.469297499417554,9.667160914434136,9.840052245494633,8.655830938319138,9.835822941360558,10.71008332502897,8.722860468956231,8.396122025158647,6.232566531842197,9.475725053723744,10.657845767740938,8.411057586613266,4.303362796231345,5.972057559811553,8.029994624193218,9.786958898965112,12.654039117693975,13.978335575365088,3
32151048,11.177155945051148,4.681334975501342,10.403162485789844,9.56233839045338,10.439436333369637,10.898734769626474,9.400611206334409,7.52712955044067,11.394068633807649,10.598789597528867,9.0373622401233,13.911862432424623,10.757607363573067,9.414415343435094,9.370001950156485,9.643886441998175,8.061332513855154,4.61306574835522,10.518679647186564,10.324899341667562,6.1834173649009845,10.025975968093329,11.527712311787086,9.868817593468544,10.615573584385038,8.856895780768749,10.983676502430699,8.271460150877786,9.891269384552276,11.899264745958881,8.843996973146893,9.830007173186967,10.063972681516704,9.535879590196796,8.502652610422663,10.788484601173854,12.443095249500846,6.747402184959937,8.029077894972783,10.314981273222623,11.71450843517687,8.499628828962921,7.4157360787267175,11.136397537285433,6.563075599489009,10.240933048009266,7.8997084693154145,9.394984483875703,10.143658774693757,10.56033402087972,8.65485816036916,9.630647542085217,9.686582274208858,10.200268305108192,9.081424141369206,10.662623621947457,11.831274461435491,8.802135222030039,8.542806300256258,5.841380374749504,9.361001854162273,11.552647980196399,8.362794880587288,4.303362796231345,5.885084434817179,7.9224917744090195,10.168216945315269,12.782754609914123,13.978335575365088,3
32150935,11.421536091891547,5.386518371500231,10.5958850406152,9.944488128239414,10.68408139093832,11.35375678984104,9.689434109566113,7.224438921259072,12.18866268663188,10.98157613879932,9.009758715814256,13.9552872092117,10.877032904321695,10.53458659031017,9.875801835156269,9.62522221506147,8.255369415607573,5.080289831175638,9.519601709168628,10.748102745086195,5.659565804027936,10.123399726748367,8.060847074858634,9.581984895124727,10.57558152551185,8.376491670121233,11.340965386103981,6.374796329568246,10.296160312087913,12.345147346047707,8.672669306642705,10.280348926048434,7.527949617734404,9.615728130264534,9.440786745672737,10.340132654653539,9.962456020959973,6.80600606934968,8.146615880731307,5.855355598519024,12.046469961006878,8.70784320935347,7.7437370573510975,10.898242792559664,6.368208854701448,9.331934413035926,8.086365396433111,9.266972035542533,10.244616253242132,11.217343848641312,7.806770502305519,9.576355322730628,10.06433882598758,10.891886827300382,9.848241059878225,8.650819801906907,9.548761298206246,9.130341382558786,7.786627973521536,5.608166706712757,9.468340871101509,12.247329059629473,8.210346136153294,4.706845162824459,6.197345539460333,7.950991606988125,9.787848078810011,12.369424522075288,13.978335575365088,2
32150947,11.39504501906332,4.93532837035479,10.802411336603551,9.798623684558626,10.509883664897846,11.373152039590275,9.779092127281757,7.156270578055457,13.128827811790805,10.782618720761885,8.811424111478155,13.978335575365088,11.225255218319514,9.87277330380419,9.963115306015911,9.58217584079655,8.889821084448661,5.320228506227641,11.222694099242869,10.707271486870203,6.167337261932175,10.02049799267635,13.042137323333092,9.550764802792674,10.644354242793415,9.993626714411755,11.42560436379017,9.64416478568894,9.629622515319568,12.208699398787456,8.678159232202189,10.204545667260208,11.320623080501134,10.124758340340561,8.81529432375179,10.966627604846249,13.493435281034627,6.45653868201579,8.521128741622945,10.091585840501155,11.943249387951177,8.680004090384665,8.172394496405683,10.784870461952288,6.259932037763183,11.287586820464846,7.647047930944085,9.331245678647516,10.54895988953897,11.065175341876998,9.087262709025998,9.853187597754717,10.188523298747848,10.81865320257649,9.65485679333248,11.904267774284438,12.7391803119176,9.407833892617287,8.531470207212246,5.8049068807315685,9.600270080653189,11.948878740927176,7.971740706227815,5.621077219582797,6.057997236390912,8.084220345055138,10.267579282835488,12.580757055562474,13.978335575365088,1
32151050,11.198878624770293,4.789990866506524,10.553092496900174,9.726906010188006,10.504377306188552,10.814568846812218,9.233502394201157,7.758383539029041,11.365219855497713,10.83744578041888,9.055481179420081,13.950427769904575,10.91183649735952,9.643692646390956,9.695569070504536,9.53516805632518,8.898648284361926,4.7196475968196365,9.638568462541174,10.32907452396724,5.9847778181332805,9.882662579643307,9.919215851087827,9.858544526328851,10.530698079262882,8.463523947354716,10.750223923131943,7.121045595078491,8.916559178374477,11.46842529079751,8.923467421784858,9.537736798099335,8.805325249721466,9.432188490569967,8.114646255388969,10.4200410836204,11.38739099123545,6.0899306910643825,8.074712010581198,6.2802631221658025,11.6235589054991,8.540450353658658,6.9527911313861654,11.045656151751313,6.0363805682043985,9.449605395779797,8.110321953408214,9.393156725305632,10.094031534189046,10.448817011480065,8.227130355704254,9.66082265810382,9.775278913716127,10.327517227328839,9.150074335270617,9.764177465353411,10.539399450577212,9.137616317657344,8.278630588344996,5.732791474782458,9.417190230536539,11.157363329209488,8.219414630597116,4.3449256326746175,6.417567527885586,7.916563745383044,9.782351503401259,12.719589852177322,13.978335575365088,2
32150928,11.197913592831549,4.907586041640899,10.745710979653706,9.731472556677787,10.532590298750613,11.104059506240118,9.360315019730793,7.555903736433128,12.695572610246625,11.017405314799497,8.722406379249113,13.928421111045632,11.806823201215035,9.988926220958158,10.10135347749682,9.848694199606877,8.983314165234674,4.882727007208486,9.357812776449311,10.176362004100204,6.88962699444211,10.390059811947053,8.707945807027881,9.69007724498812,10.955624348525093,8.49864370129288,12.019903199399142,6.859094951306641,9.48621566593233,12.380257478642546,8.379205758600808,9.319909585603504,8.535188422931201,9.723318891497467,9.19172994106018,10.788210229348138,11.252503178942835,6.4021897696549575,7.711474093589565,6.367737964479259,12.434696633304556,8.723606202052649,8.144984767703857,10.855071804947093,5.708703283895559,9.485056692202864,7.965355754062512,9.341165353797567,10.698113144549586,11.324897604323914,8.54982474116878,10.214253699342008,9.858122735889603,10.163644396923166,9.499749059169986,9.455741306696689,10.528210756746262,9.934024115427901,8.453209081162486,5.367150815767489,9.063254853213687,11.743043105051846,8.02676754734159,4.3721561498571315,6.120450762414542,7.655825244873828,10.018594048475505,12.821892581813245,13.72348956828509,2
32150934,11.73000571278138,5.056739355021531,11.282003826866298,9.991291667340423,11.17056156013641,11.938339078380515,10.532243076474613,7.005573735168947,13.048763976083825,11.480601723201055,8.654555117238258,13.978335575365088,12.277999099196355,10.264673779812076,10.44631455120754,9.757386069294443,10.808087048956999,5.490997594580944,11.612973829684734,11.269236075872836,6.373285889321643,10.474801915595323,12.897839016981274,9.257323104255512,10.780111529940646,10.376772646704213,12.07666032293362,9.738273452521419,10.507355659662238,12.820103099253336,8.409371374834741,10.389764625706967,11.65887434390836,10.417858408441305,9.718370453664043,11.288900966899073,13.513823452333831,7.056325126044139,7.699927306658123,12.747186854553414,12.49441508033733,8.837636867311844,8.44579924912165,10.65114731075437,5.85107621100274,11.612161121414756,7.289223239815074,9.168774661389056,10.95609740339703,11.552152218690615,9.353806717254926,10.310726617704463,10.020885897671336,11.184105121119835,10.389313331359144,11.78975159699673,12.861154624503186,10.135950818610485,8.390542801623283,5.344342600315954,9.702485863721119,12.469182333468444,7.522665072168838,4.303362796231345,6.383996646578942,7.889724998015693,10.10146606455634,12.805182791331625,13.978335575365088,1
32150052,11.011520512192655,4.7142168566612135,10.369783734026276,9.824119206649904,10.532911976063524,11.116567077054016,9.152742824783783,7.479188536166989,11.455210976004945,10.643332444270044,8.926180560285962,13.76472719972117,10.835801441684044,9.967489956855406,9.796744627151348,9.459668517678333,9.49694757267147,4.529553826998,10.370750658184509,10.2677931036376,5.743782471106372,9.892455907657276,11.282352941361784,9.792087832707224,10.217346532094703,9.039030402310956,10.881648027652266,8.263535430507961,9.705962784909511,11.093406310524195,9.046625480152814,9.530239568039557,10.052894682525784,9.406643569598419,7.537685672137719,10.53415137982799,12.51180552353932,6.683869915617599,8.56279954706798,7.721654101698125,11.408612232790349,8.296595631130156,7.177875659944812,10.996751739090918,6.341268347158963,10.186003808499937,7.783288843068835,9.433272416000557,10.076380910807496,10.199536962276182,8.848023931867546,9.438509647287882,9.876952259079529,10.163003880626569,9.033404629830725,10.850564538127319,11.352541038820176,9.099853723624618,8.286200966746716,5.7117982698575585,9.614477008623792,10.75740489608788,8.449925005602852,4.7282099447075705,6.0195899344053805,7.992173131495553,10.193522542634431,12.475786179480624,13.728683044336734,3
32151432,11.23929643302822,5.5339415296692085,10.468368369337039,9.658750755067787,10.610388902988657,11.003459657174922,9.56967602413074,7.582616780054725,12.440137710441524,10.804284633896403,8.927880071763024,13.978335575365088,10.415898069052012,10.164035140247384,9.915486235627275,9.482323604153953,9.31993048512977,4.876453073183361,9.123615535014034,10.686379491506173,5.914626589422389,10.086695399235117,8.044306049795168,9.583563759336506,10.56279958287223,8.159019749571973,11.35865763831426,6.231301513194446,11.008882758226758,11.817568169576113,8.792147148430379,9.908280648956797,7.261618298187889,9.589678770727131,8.969674374408736,10.195349480549837,10.219041960755707,6.371898159874465,7.779386041057793,5.417051993469892,12.013715641674262,8.683964550612645,7.5774230205277595,11.02109514280057,6.244907447199202,8.26928660014581,7.5500585122555455,9.219372414486363,10.354895751096812,11.065138443596988,8.114975897916938,9.688087040100227,9.684789664842057,10.526983652408466,9.852692658973526,8.738158922185159,9.985398950911025,9.053363677417641,8.230298533890945,5.482627287669005,9.66455892341364,11.987300257625543,8.056575021693552,4.303362796231345,5.891831772178483,8.005725524302553,10.025583332549626,12.6498159388526,13.978335575365088,2
32151433,10.998114137122085,4.763604436404555,10.091097647873324,9.266093305460767,10.161128691114227,10.575959969409396,8.135412784672642,8.006340160370552,11.257625417096119,10.442473345647445,9.03236915330194,13.978335575365088,10.534274374094695,9.404092877415131,9.277798940128351,9.599616495468046,8.110621196625246,5.1829477912328255,10.663726785908805,10.131668725909751,5.974729162412514,10.000375361439717,12.508169623793645,10.124123500702424,10.213978381406543,9.413065424033807,10.662424938901244,9.391739357433204,9.901057962673915,11.134476934505384,9.160244804735896,9.475480909257783,10.511609369070657,9.783792620735356,8.23428369355906,10.733695385906618,12.932949460132232,6.1585918727632585,8.412493004076559,9.465652432040539,11.604438027575586,8.135882074035226,7.729979480732413,11.334418306676431,6.202232023164343,10.504885367121004,8.449266670525374,9.560206638773938,9.856375725489208,10.568304995471783,8.658367380825425,9.426253025109563,9.386818468975317,9.86444674254292,9.276641866355822,10.961913139992566,11.970335563808296,8.6022835020825,8.177348634109906,6.336840781891838,9.595214295253019,11.199370601837103,8.285172140067202,4.303362796231345,5.75877685186944,7.620864638822456,9.729583049507374,12.777608853397414,13.978335575365088,3
32150056,10.969465934077842,4.303362796231345,10.624949531946742,9.438896288523855,10.446825450469227,10.42628540792991,8.675636089394438,8.015317456881565,10.893457369475193,10.62376689476691,8.92180020957567,13.978335575365088,10.093846096679247,9.756909180104124,9.53180323259587,9.48411526354229,8.205287500817725,4.899049596954376,9.415231374938053,10.33152684042334,5.831821200214069,10.012482836998748,8.452241053104839,9.684011632477768,10.652434020006027,8.226201276763751,10.299695924200737,6.765665143450263,8.596953172905431,11.299800151148405,8.935307953394727,9.340218225266195,7.838353069601937,9.448309625151117,7.100049078942393,10.384675501394716,10.283411483289328,6.046956220091853,8.098118530024037,6.8373661609690854,11.388791233656368,8.359830947770954,6.674444129983567,11.220743220951023,5.567590681519227,8.855540161496663,7.960316630095797,9.342929463810368,10.01498508028023,10.471003284973703,8.282313654860678,9.990835677676372,9.40044211016732,9.79419773488193,8.842318361196105,8.823034748299062,10.021408150249947,8.803435742551056,8.250613823402903,5.343112644855734,9.746976205255537,10.554057528838916,8.307005495169063,5.5649941088809785,6.378166387132998,7.684388926974586,10.058639460890532,12.780973080610039,13.978335575365088,2
32150944,11.447913631550513,5.1294282042571036,10.666975726769236,10.267150695121517,11.010659552325738,11.650844710512176,10.418661655613842,7.080170927084002,12.926757850474953,11.384978411388593,8.993389636853275,13.966493346664626,11.417955066511018,10.96497096668474,10.142716449388868,9.559456155785185,9.839009169138118,4.867604003652193,9.754529484044856,10.907719973863964,6.129918449297159,10.066882915088836,8.413686177030831,9.477207970110378,10.395196241746499,7.7431993246609245,11.571267419955664,6.288200415826298,10.231766190700952,12.295145446084428,8.779488685360619,10.508819291435998,8.144695974249956,9.400517158466196,9.100956648624543,10.282561876739338,10.101170878316255,6.400308204063747,8.235850208050769,5.704173796503559,11.846471822251198,8.685086475181903,7.833400741078721,10.684639595687203,5.811487187104447,8.653725786036768,7.843424118329475,9.29402172240545,10.39477806123971,11.034001025816636,7.826000182459623,9.575837584466237,10.555128525068971,11.020426243211656,9.627303617882172,9.066879021064429,9.648423539155488,9.706218329117073,7.785958551192952,5.690912250593676,9.499441266146752,12.1808553890255,8.330973451885766,4.314877025821082,6.489513967003263,8.015467553479315,9.763123939233756,12.309535775288618,13.715464733160891,2
32151668,10.922879490289917,4.628827399808434,10.177808605898576,9.515570000555638,10.051938165574736,10.399993018147896,8.921401218619623,7.531639920556193,10.552586328187203,10.511719117800943,9.047171717771207,13.778040949966874,10.0846546405176,9.150147483612557,9.369494661655226,9.417616770868122,8.18867522736925,4.517454352296356,9.053368427309973,9.776984125063988,5.37604097313538,9.751437304135504,7.878884546417539,9.794704073404716,10.162897916335258,8.166087589364771,9.986277680992792,6.353921526582803,8.782850659154532,11.1062828641382,8.928559306366765,8.611619890453953,7.5380248727215005,9.25520085236074,7.311320162550911,10.094806398069274,9.829251940305882,6.365574064284487,8.363300269131614,4.758156725183136,11.319791450036275,8.379414753863495,7.023132353623537,11.142471561841042,6.523218533245869,8.10437508820621,8.128502641305332,9.52703814060653,9.74667221214617,9.349427316523098,7.922506739140657,9.36320200429132,9.643686946520155,9.57305889745092,9.098771698150962,8.720191029464598,9.699045991692929,8.391108038811016,8.250030536624305,5.8726303542203215,9.780451546467713,10.65894325504382,8.272514626975907,4.303362796231345,6.313832008174894,8.203744735787684,10.028436799537124,12.580302922885421,13.945512657806695,2
32152270,11.040225481821524,4.5717108406915985,10.594077971004415,9.690138043609993,10.429417031182103,10.939029583617694,9.047973499597166,7.324218763573603,11.229674496933107,10.82368934474308,9.077717325391854,13.978335575365088,10.637708767952507,9.641959885667557,9.69421725114632,9.547872118361347,8.354713413770444,4.643230473008198,9.448435972287196,10.43893016465667,5.687713651826023,9.714565789904613,8.792221246750788,9.797626207168516,10.501274066228673,8.389020936119513,10.481027317709957,6.691448055718798,9.235152506797943,11.648034764572895,8.985351869045905,9.605389514610632,8.281502373250055,9.319613192321867,8.143522750843491,10.417675809260738,10.387464632919633,6.146467447190609,8.149066825175584,5.302257936943544,11.683248969239562,8.52822698072668,6.896508775697777,11.159993514297431,6.0062756888788265,8.48499156074687,8.034463322900924,9.398646650865118,10.000929198885844,10.330727377689772,8.34525352819831,9.458553242958338,9.83122599555984,10.361191165332492,9.140171759732963,9.004526234419266,10.151887091136153,8.674152223029338,8.390985491588802,5.610662346186874,9.889462525508472,11.212086316794656,8.194583143454116,4.8654674361425,6.239385461224988,7.9590685714772365,10.095248231319658,12.816818404598932,13.978335575365088,2
32151572,11.015248184583482,4.74639935138292,10.304823839012489,9.642065333277369,10.281010256759396,10.539383366711569,8.86363587799051,7.708412309496548,10.789204590688934,10.63850728457633,9.175256364467852,13.804915001388768,11.07471023587567,9.395532621451034,9.769885885960257,9.531327293384011,8.676398922103258,5.045056117970186,10.123219019787289,10.017467374013913,5.726868573797179,9.764946947911497,11.119272004811725,9.922006887823214,10.61723873753424,8.671215839588541,10.485019900829068,8.147796703965506,8.911176600381738,11.263337081619834,9.11913733652166,9.122439461672164,9.994016205583133,9.388026841585054,7.773463000275695,10.388318023908598,12.252999095324462,6.326244754243758,8.50207217357946,6.6621022169777895,11.464451629873276,8.290190876307166,6.962548136413774,11.119528400552314,6.34203753436513,9.473081263650712,8.243997223381825,9.411750653835798,9.92805825065656,9.810916405918679,8.169127520458447,9.605885403370289,9.82314832865686,10.09243166261217,8.901929509986159,10.874902265178509,11.271887075375144,9.1295377007759,8.140591117295028,5.9400385232229045,9.59236055993883,10.671763042073193,8.279781962246728,4.303362796231345,5.973117804641824,8.049428333688013,10.003755384824498,12.582374903224485,13.62623715609602,3
32151707,11.149614690407226,4.804712817047827,10.620048683473518,9.723020598258902,10.657618701402411,11.147060194098792,9.596058826109983,7.204792223916672,12.016433814968385,10.949985534451656,8.870099531478438,13.978335575365088,11.236431612723797,10.207809745876538,9.796705678034213,9.447146851507787,9.223061180872843,4.967921743443745,9.772320680770594,10.414040855624807,6.921925873559571,10.342167736712591,9.547540575876443,9.610571647146887,10.733165564450053,8.727726258663047,11.361363512181716,7.418044637993986,10.70769155959648,11.466003249853216,8.74670302851532,9.899097207118492,8.767295711739576,10.124358135918904,8.560723844118076,10.490668175999943,11.190818715862308,5.902270762348135,8.023886262651867,6.776804889681167,12.172699923033385,8.307551732787456,7.8513514355022105,10.850776466709943,6.003164625067678,9.132779977283,7.9668093283288925,9.397351830214905,10.363090953698174,11.059875235091862,8.573442155831248,9.960206471950652,9.922397328973057,10.390184698433245,9.765032445973509,9.499789908244058,10.248673171823826,9.472645223534462,8.160070425756222,5.855427055626372,9.149725693173307,11.727460677570386,8.113611728838652,4.303362796231345,6.01197349997596,7.93057871538589,10.258640437975448,12.49771700334342,13.978335575365088,2
32152430,11.2036280956845,4.69049934951868,10.384826878953735,9.674561246690304,10.450127373475317,11.284823233903015,9.614762002163824,7.760563401604228,11.968643919586265,10.505228804958028,8.995540388102052,13.978335575365088,11.56508743110874,10.059706672681617,9.50585457077594,9.583926651110813,8.480129570953922,4.983250186183661,10.951943981621456,10.418972925719576,5.762640001735423,10.111081377883243,12.489835909177025,9.667772700566736,10.356717958463497,9.69774547117192,11.213477098118135,9.962718215016805,9.985422700372695,11.996193689217876,8.998513820703055,9.291564128111908,10.874922133483127,9.974661344301085,8.396168574103518,11.08057706239738,13.134478600052198,6.0633654515804025,8.42156529843425,10.58057225441074,11.662046649879539,8.37164013009142,7.670157467187387,11.05558084296446,6.241336862230509,11.204173054896962,7.500322727834147,9.275416394133686,10.376240933028157,10.77372150473058,9.121160790655887,9.652946386635797,9.775833701140725,10.410555387328406,9.281596954038514,11.423310993771038,12.488657056436164,9.45665423600326,8.326942693251244,6.1885143524966955,9.559457105763654,11.358373805391102,8.390635899513029,4.336324876591484,5.885430108573973,7.805152315991124,9.927469264007161,12.62214935685658,13.861494463305116,1
32151017,11.40066491094188,4.969341060238438,10.733458858470652,9.97589536632942,10.347881293455798,11.595222918670334,9.643103659741557,7.24588936758817,12.15418455534594,10.791795985277384,9.057553082456113,13.8886230189133,11.55889514283514,9.573908178200217,9.942478923782184,9.588342151024381,8.654654864977271,5.45717694567329,11.276916594773533,11.028046211088748,6.277030740132116,10.069556621224995,12.780274784748885,9.547333480570686,10.580047163502897,10.022940848035011,11.409359659488,9.925973047921993,10.340145900189952,12.547141776362944,8.685931006038865,10.187383236506491,11.18384872537925,10.228301536818918,9.167538739403783,11.099925006659427,13.466516691380134,6.380474946400267,8.589057901868077,10.924675206583775,11.971348847343974,8.571061509793509,7.960893271088227,10.857238396260543,6.6823714471563065,11.252986641021948,7.88438757706501,9.240055345664963,10.623100833507227,11.223291094491248,8.772400896020018,9.73907523434738,10.157801223145055,10.89472231820274,9.56491473205527,11.893051643270914,12.739527073871429,9.560417533993563,8.544329115738499,5.881552667286521,9.380431763743195,12.135196132786565,7.8616751050344895,4.303362796231345,6.106642305708294,8.115799529247631,9.87836297710269,12.411270956046453,13.890086417984516,1
32151942,11.297889009465795,4.8487125308971555,10.6575430126229,9.70387188230414,10.220837677049566,11.279345258486035,9.547463627620637,7.580494781108537,11.666797066903488,10.638024768606961,8.943440719048779,13.978335575365088,11.315398662495511,9.34130500063218,9.715554717488525,9.522027004194301,8.960134690645393,5.314083194995742,11.034154295595142,10.625446239562269,6.16070589051924,10.060514650402878,12.85709051077824,9.844804987763904,10.654449233760461,9.803032534622924,10.861495890107934,9.887044830310533,10.321903012108741,12.015087500802867,8.821804526184593,9.436467193584317,11.030088862025757,10.012118995245974,9.160290403702302,10.96687359337965,13.063417054609925,6.424964095909581,8.590957858801621,11.68265197399118,11.60408796697035,8.343688913663534,7.800900336908543,10.987366330431774,6.615241656328329,11.001080191169102,8.119063655259467,9.387985042532515,10.388675653391779,10.63326205215634,8.924805941444543,9.836516425641301,9.913633777617068,10.522072396728065,9.289569173331682,11.437548053196723,12.307436357766981,9.353874165726069,8.425625506401243,5.558240519022783,9.626716531189707,11.423437772476714,8.195876064147395,4.303362796231345,5.992531807494342,7.95671212506873,10.011435960728363,12.741723763129412,13.978335575365088,3
32170221,11.271284403468304,4.802323470020888,10.420495216297454,10.021546282272556,10.542127084968772,11.198178503559832,9.59655091495577,7.591839045338488,12.209095818770134,10.82789007200584,8.896624830227696,13.810410701161635,10.9908243615456,10.114915960675127,10.338946233034733,9.510844807661904,9.490502918752876,5.348320974767535,10.601396129873212,10.54828247496236,6.369554682900042,10.042755224400779,11.919585291037619,9.736077102306242,10.463656742812589,9.320878563639614,11.514235924595466,8.555903653377671,10.388687006708707,12.067464136223247,8.99057960054856,10.270393959323485,10.745590823716235,9.867921763774378,9.448103479823828,10.666900037989725,12.8326199332657,6.408604651283537,8.510355035831264,7.780223068380714,12.064058141145331,8.410692794882022,7.6344127091982115,10.805315893517218,6.526159601837013,10.550390407471694,8.231803299782314,9.313980769992368,10.318248190168193,11.171048806654497,8.769356215034009,9.454552883634754,10.212680318837961,10.747169880878744,9.569832770577756,11.694494429655144,11.711085410123566,9.544267900058406,7.824100659190444,5.738306177042017,9.304743179381461,11.738463933891538,8.167542006397401,4.303362796231345,6.041605869179198,8.066236302700641,10.194867910690212,12.705114926581633,13.567088792549232,1
32151738,11.114211263791793,5.1514012647665135,10.637854468853066,9.703246796473003,10.317870692380387,11.456579996804313,9.529179392070636,7.548222838508023,12.011467684922838,10.562156228246405,9.006675085711109,13.891112387985528,11.679816483088818,9.69765332326064,9.711623706593015,9.716199752867466,8.41482805114789,5.482364682799503,11.405257327638605,10.605161646653796,5.734307258672072,10.196900154420028,13.008773415160606,9.5143673278167,10.439824238364622,9.777597811153523,11.323329900478331,10.476198373577269,9.859420406475218,11.976202390330005,8.80560359341223,9.945223411572695,11.44843399190964,10.075524681489297,8.847892834839135,11.16422262485251,13.512938254960869,6.872387623595786,8.339896599624174,12.696822862061813,11.889765804130473,8.352136122190087,7.552977632573626,11.058665160729461,6.293922929204452,11.646647767688387,7.932966088906447,9.22867555361148,10.52772540244766,11.194134830514553,9.367700152331492,9.610061508710228,9.845832864464949,10.875497368207398,9.604241940622769,11.738972940933735,12.92591719133459,9.478424892526316,8.655171653263197,5.768676340878618,9.404433919684699,11.480403040154846,8.031539289180195,4.303362796231345,5.948215002731161,7.7409725725932725,9.995374674790618,12.672093008409481,13.978335575365088,1
32170222,11.109546942754537,4.5059640494348505,10.253762296136076,9.822178400642283,10.22755505623101,10.971386536857887,9.008862886120088,7.761825427305652,11.375554212229948,10.388223412934213,9.204186058716516,13.760631272972939,10.95863203140084,9.471600247221012,9.621970438769702,9.448459721748867,8.139385594620691,5.018890311687152,11.033706785686297,10.682566669238394,5.656467245210573,9.789330995196648,12.912682178321516,9.690015496387778,10.154704605953382,9.266297550831123,10.83983943807086,9.711251315034039,9.700391161201882,11.679492913556414,9.158410396316556,9.864227297517091,10.957240303967616,9.71480328452131,8.907567632186463,10.536251743459372,13.094394190710284,6.159895799713267,8.781018150692125,11.496969421769927,11.559308592793208,7.997759954858652,7.410475476731772,11.082175987864511,6.362505296650037,10.639724927816683,7.979992507594581,9.244336898614712,10.13704830591337,10.86412985963486,8.755388681637035,9.312155861357695,9.933814170186745,10.986722975805943,9.234203478309638,11.425434064036276,12.362399657227089,9.147303248083038,8.389530124577705,5.793233469032486,9.644614125503725,11.107616878877053,8.532829626398202,4.303362796231345,6.083556550475329,8.049559430716428,9.835743143169347,12.490942857577345,13.897888561945708,3
32160214,11.551067976924141,5.378617001855263,10.86547901212961,10.055801131658939,10.942965400152175,11.536318126017285,9.903736901950216,7.3934226662065266,12.301420045905743,10.91890582936568,9.034403057199302,13.978335575365088,11.755749358911956,10.17718133513839,10.368616234602346,9.708054637493346,8.738319468546042,5.208218597246328,10.691436448087131,11.3741662692357,6.559718511358347,10.000496008704996,11.333755083745984,9.703582138871774,10.732843887137136,8.384882829918245,11.442426195036097,8.113066441198724,10.2161515954882,12.810272875057585,8.756810799401794,10.666601067310665,9.969484911635632,9.653295028733103,10.459980160347929,10.454829538902326,12.102896892240743,6.812447887495209,8.31683872227864,10.184655602114926,12.674836881668005,8.866045973360713,8.049168989566583,10.845137652636506,6.055818687830649,10.291860243302043,7.920632157090874,9.351077429119886,10.934023716962905,11.741510407266786,8.145374258875233,9.84649119954243,10.641842321423457,11.446181304609494,9.78227170521005,10.593669251595069,11.41447054432436,9.734138196255556,8.531068366320799,5.648734692981713,9.795379508094596,12.342848299370115,8.198214911132593,4.303362796231345,5.939955454335612,8.018606282333536,10.565013479672876,12.72094190566703,13.942021178500926,1
32170210,11.07812663816077,4.382202125936371,10.733960296634898,9.432975072740453,10.402831347379493,10.805722720707081,9.108339881268307,7.533477589601271,12.012360812521047,10.308050073239066,8.761619590400603,13.970183657365945,11.233756960477887,9.038576312603839,10.086554428883279,9.8158078450441,8.858847036539503,5.529820241002931,10.75592423433873,10.078585346510703,6.583308914311596,10.521701521708467,12.689355550170715,9.864748835695352,11.218491479760619,9.86450469122939,11.499334696129589,10.023204812653551,9.779672564124958,11.66146006183834,8.558834336947665,9.774413483332896,11.318723292135454,10.165794904370973,8.28565282917139,11.536895252961042,13.53709706484519,6.841635100080861,8.479612782667997,10.720053429509825,12.255777819642192,8.357793243959726,8.39523759520608,11.033479719347767,5.981619413988513,11.492394035048596,7.651437585557733,9.506298210719926,10.7811673884148,10.960828898226097,9.489964280962218,10.085159863120822,9.60973376613919,10.244574624413401,9.218030094912814,11.599304436105369,12.703734241370967,9.581843348333178,9.274193771846948,5.867762338782263,9.04745671131124,11.224385743464902,7.426857867279657,4.303362796231345,5.987734355949787,7.843329341695771,10.100801895516149,13.239987287109894,13.978335575365088,1
32151143,11.399822873269839,4.522818994630482,10.692690989607497,9.641040306511725,10.212218617282954,11.506544052377846,9.468559366148867,7.377776540455202,12.055647225522373,10.562127844954087,8.784039082216465,13.800238486965544,11.298543717408549,9.228301262095572,9.581014967110152,9.713321318113142,7.9603325924762105,5.614834548042136,11.299172880388221,10.513779744823085,6.132425540670817,10.400295773265931,13.37046044886666,9.521966205572426,10.59069089812138,10.452169078302576,11.527878827102006,10.245346649964397,10.901282643166704,11.968888962009926,8.489446009777572,10.146551978290496,11.45480131048585,10.461018042736947,8.90328132934438,11.235625527222021,13.698894919981733,6.062658026217662,8.411725421475406,10.40401114623009,11.938859438739641,8.458911801898529,8.604760095945377,10.811569678924167,6.610194551171412,11.573484155085545,7.708700629992761,9.167735384946408,10.521214275190378,11.392501876071814,9.36443602631966,9.721252688332235,9.835198805507886,10.725216350382096,9.936898750268355,11.932089077412543,12.881856154081767,9.384963161029708,8.589080701351275,6.1287661649610765,9.636856601344052,12.14483699107655,7.8512905789268865,4.303362796231345,6.015675871350411,8.174056008744067,10.02834029634325,12.45046828273479,13.978335575365088,1
32152025,11.275589202802891,5.000173015631273,10.402935419451316,9.705845937558095,10.300632572847164,11.185311411043267,9.794763922048123,7.600969526934872,12.106040814919613,10.646710056055642,8.957036810865244,13.978335575365088,10.583287589375637,10.193163020931763,10.071842422366172,9.554663514420312,9.543160225166153,5.037308381106016,10.953630895294767,10.684202492985538,5.966969813768399,10.070910504268467,11.590821616141875,9.546200156259824,10.356736880658373,9.095710867531016,11.220970287289548,8.269119403935656,10.817155510851949,11.667259714568234,8.814605589363381,10.078453837256305,10.266968095940948,9.748389773214095,8.185865191064535,10.872830284839445,12.396968615048436,6.014700481835115,8.620456590151884,7.348678118610598,11.852394469247795,8.531746650946078,7.855167442069758,11.05775689537535,6.138784553967949,10.364251830353897,8.137449538505408,9.332145308255551,10.203587258089673,11.034317972580832,8.662525436574494,9.634381907438103,9.868316954816557,10.48692536585321,10.036641463235924,11.064524418373217,11.627517428667431,9.036445510902864,7.981346226909735,5.9032961718385755,9.635804025202868,11.800973404668715,8.006203363471338,4.510358661536732,5.995151603692478,7.957301735495242,9.978940047315431,12.59043575824222,13.978335575365088,3
32170061,11.533394646908741,4.891821710546161,10.5985530700929,9.795067915157494,10.432368893582963,11.474915603640426,9.940198975461927,7.40813199975735,12.331643521673517,10.837389013834253,8.850597423534039,13.926035134299088,10.894785707555581,10.066513932288725,10.196227470392145,9.510211172024565,9.57601238050412,5.151624568226977,11.343220911733356,10.895963614186693,6.238694090623338,10.198533139837943,12.168600429513216,9.61895330715923,10.554189984203056,9.18519883910111,11.379207141951015,8.728926081466584,10.725110386090783,11.726599717703467,8.626711248377122,10.059194827310183,10.807827814887178,9.695177679376231,8.60776392785732,11.147788698601568,12.904826747546315,6.487343083267062,8.134914995956054,7.71921085984612,11.858667176849623,8.723901645355816,8.022140202229934,11.022448079734296,6.138528158232562,10.97593732472588,7.866850906883488,9.138015308613387,10.42226349540874,11.064819604613303,8.830631726097852,9.668050094279034,9.835818191468222,10.582519348263618,9.741411231397176,11.634247107275549,12.337685378497842,9.277977536080108,8.403746552332974,5.686996401111022,9.772103135701704,11.750441683248873,7.692561665746176,4.303362796231345,6.230709907470379,8.039911449407873,10.010696877481212,12.619348872014742,13.978335575365088,1
32160221,11.210014336455588,4.791652244252356,10.389339822431973,9.746690261737037,10.234603573822808,10.830312112950137,9.608031404726733,7.664227442863859,13.184436181171307,10.58978263276727,8.95296805309205,13.903304729160359,10.621706267744774,9.851932676200107,9.922783020230565,9.588748741808155,8.877802906865506,5.244454496382332,10.984500564017603,10.240243334005989,6.567963080841798,10.374233288151672,12.401851487436527,9.63771063198568,10.580245846549106,9.89269340227397,11.591731773715471,9.686032236676596,10.167656848346901,12.386501802952056,8.615254508067826,9.93516028967416,11.074431133501228,10.059546780134902,9.595033799344332,11.22973126351774,13.367501837700946,6.173578552673759,8.402340584202149,10.854151240166313,12.31866573431692,8.287741831819824,8.187979843131572,11.039903804508612,6.455330529348261,11.310639730483867,8.200916649892097,9.408336431226207,10.65061559707832,11.611400449180687,9.409775648603373,9.757638763566606,9.973277225674991,10.370798909781444,9.832165524263477,11.73708639810447,12.617523826318823,9.505842221055874,8.556157297628296,5.8902168415524265,9.373329724725595,11.732844042012978,8.1323804534067,4.303362796231345,5.594821198701738,7.648189241143634,10.157517390221896,12.71818212589686,13.738314437136946,1
32170220,11.178953553564492,4.573949234579264,9.90136860563255,9.779936658138721,9.892856798570255,10.604759550012657,9.310703344282,7.700874075346384,12.879345311218824,10.240876281424633,8.936241782227563,13.41484756960817,10.7311219674033,9.443066693992996,9.644356681339227,9.67036614178103,8.633763888514451,5.8333048284053755,10.67388895066766,9.83320385072766,6.454353831196724,10.193658782437547,12.731953983677904,9.916122721200011,10.624164260859333,9.681758283554581,11.219797111207157,9.866162403653913,9.253279045922453,11.985493188014765,8.695215145594647,9.691560161374753,11.134059700108338,10.032568460788584,9.049323418998453,11.023157662042196,13.214008772293534,5.9627538444348875,8.652654210326247,11.604526015781763,11.894959946624294,7.652539987455023,8.018972024043244,10.924478415757045,6.591411817668877,11.112753308676494,8.79123421912381,9.384694317123607,10.251806687295508,10.985637787929733,9.391462913699373,9.555792088838839,10.157026359264828,10.471234135751207,9.310714744023599,11.928343428936579,12.58170032697711,9.402949103341133,8.627243236318513,5.726696183525704,9.095045882604277,11.042552911791436,8.369098937692799,4.303362796231345,5.963013769662862,7.797550232319307,10.11099717411604,12.696374298433465,13.377204809803553,1
32170064,11.18533979433558,4.4153796608778935,10.42305917370333,9.853615088064764,10.272826407474962,10.771009954204665,9.457712512015243,7.108988011973826,11.761449670118745,10.386832631610726,9.07344052233444,13.944184464084456,10.854859876364463,9.33232770412117,9.730120737319568,9.47105875949495,8.516178403832589,4.8420938163290765,10.628210772233844,10.577480367767787,5.51881584647139,10.000486508920329,11.84609527057314,9.688419532563598,10.509524143195176,9.215977191446116,11.119585167136943,8.689571323523545,9.741143337469543,11.74455688064203,8.749670761245524,9.419783671750832,10.217769443150212,9.81051646498417,9.037696632543607,10.675310953612687,12.511832960721893,6.109164361813593,8.195191129672851,10.534234637485449,11.596405555850167,8.477525679976495,8.087723865640598,11.00152959329744,6.335450059498331,10.27732705152653,8.07961959934055,9.43766416645245,10.249664694835397,10.63836252978552,8.446107992123352,9.50584317103434,9.965099811033003,10.382378346936614,9.333333731317484,11.069401614102842,11.684748553183589,8.852227586583023,8.455608726769556,5.896924877504687,9.666795172724429,11.14512066912387,7.981052683563503,4.303362796231345,6.0775237841875045,8.03858717942519,9.986798269192583,12.496770893599555,13.978335575365088,3
32160215,11.076679090252657,5.368359334095506,10.30457785047908,9.472430528400974,10.452814325147894,10.816820588002619,9.141943469573498,7.577629533824357,12.011244403023289,10.679161620270223,9.07886964927205,13.841531791192374,10.9740914646156,9.944608775504692,9.573929077726486,9.674995386849616,8.547072653550536,4.820829967610093,10.101197369389084,10.21209278468702,5.959457885358474,10.009809597593245,10.298475442631153,9.903945897212909,10.304483239504695,8.875776602795877,10.53085891791934,7.78977156481417,9.123272592787526,11.277443577900867,8.918703279773986,9.403014651855344,9.477253569076783,9.379940624875873,8.241176737313971,10.556082203690787,12.108953886820974,6.143308891166336,8.223125246488335,7.063152036617137,11.603264851493194,8.374246871004248,7.13287770955982,11.206939479788025,6.019731955406233,9.673862062538756,8.270465523423075,9.323923244625623,9.870516154967136,10.504979031985648,8.683382213812513,9.574025975530096,9.7215709311186,10.008959366865485,9.106066582797318,10.400716792101953,10.72880589075032,9.066035440185935,8.047701272835418,5.899213291367498,9.661781186376796,11.079053825709755,8.350764353284065,4.303362796231345,6.150298418489792,7.857790260701411,10.039604678953712,12.454640626705235,13.71811316734955,3
32150134,11.689455449159315,5.142478058486472,10.936266943165613,10.221380744042543,11.123038467702054,11.893739465054708,10.253587265833463,6.750567724525642,12.922576028563846,11.39618035075596,8.753541923497625,13.978335575365088,12.151789951584215,10.653206991666766,10.245859441445573,9.529401687031863,9.784125113198726,4.943125233980262,9.659375840898921,10.898965620403976,6.232022813259372,10.230421768754919,8.427050474101403,9.326159493936409,10.93612502670403,8.046946989932799,12.120531431756651,5.987479790004863,11.189020161239217,12.465019450595436,8.429167976103841,10.539070204386347,7.987833629859331,9.696809742382145,9.575258097601502,10.465359740351547,10.340254702810496,6.8917659534174875,7.970226275386107,5.156746256396119,11.896823782819707,8.841582127884353,8.273981393728603,10.487990685424805,6.0659146838850315,8.25598880156791,7.6966610045660575,9.080899753255547,10.58575882802661,11.405216644919614,8.041158771134747,9.896190273010166,10.546181165221236,10.961951930492065,9.941166053541103,9.121362186090844,9.90627714437037,9.98772449819769,8.104320939433602,5.792082116390345,9.29993438838265,12.87847204372959,7.777082470034403,4.303362796231345,5.900289614046921,8.317832399754884,9.875198598829863,12.424497570265686,13.95048344269533,2
32152238,11.113766592212174,5.291665313993094,10.381288428511676,9.766961852239524,10.586726698294584,10.923749911254273,9.387294408187168,7.2583500007982735,12.093900334686332,10.938679523012466,8.920061748981475,13.90471245544082,11.117989079999044,10.390651130536966,9.7646781040054,9.57452566420362,9.246790692994393,4.7415724237815855,9.071525365745424,10.246083669454867,5.960470789855127,9.902032640580824,7.230565482391437,9.782930040287523,10.439426872272199,7.8348034352575375,11.05053807802966,5.874816048491319,9.633828069991974,11.488813955777808,8.925910766401401,9.488053874265534,7.097525027539548,9.302067090040556,8.705425514155532,10.23745136415184,9.720802398538984,6.3330008317536715,8.110651595936185,5.228829506646922,11.880266862302065,8.425559957887032,7.4245672656903565,10.915632289651908,5.931318969698803,7.967268246765773,7.911726146469049,9.462406355619574,10.086930980561338,10.644747824446867,7.956942581935945,9.610032059377758,9.984992360127247,10.231158788245393,9.429137159734688,8.180905353489507,9.265740863449594,9.075733770353233,8.039980797835947,5.046946158459534,9.380074571839687,11.34230886194027,8.416848655346717,5.4085396655570985,6.069708163071352,8.03629868129873,9.974445699189124,12.578126870474529,13.726511805497381,2
32151014,11.07810771596589,4.59713081341669,10.567539592688995,9.761115684754998,10.240582987404036,11.10846837764653,9.218236240240103,7.180431636108482,11.54254920479038,10.59826923716974,8.789702853835369,13.83644966072224,11.001144526631682,9.305392014674265,9.877834789075164,9.587992558948605,8.753499174466622,5.082576458610763,10.40594215621732,10.429339450183106,6.088730519587061,10.012307090982397,11.752997125667052,9.683691489734468,10.620237905422293,9.369601059243507,11.044246448232954,8.833846453229416,9.362666216436061,11.854220461053455,8.843172391837735,9.451386605404998,10.45096089615966,9.689818850845155,8.882397002730825,10.871231359372313,12.613352428458125,6.274337088437376,8.369197735453348,10.051415912996124,11.898933607548528,8.330202069370745,7.761972081675699,10.969371323103456,6.8233013085274505,10.38756208222325,7.93641695602204,9.3875651520502,10.390940640118592,10.69841022300916,8.732434351944377,9.693797360664004,9.824009009147757,10.398733746078811,9.21566654848748,10.889030521983647,12.098419900932775,9.32604929643426,8.328098817045309,5.708973034475799,9.319970384225376,11.222635440438749,8.126444037967833,4.587656494196232,6.041989057917348,7.88248605849828,10.037634878466983,12.836637918106875,13.961959990846195,3
32160439,11.42961586910416,4.748179526569717,10.924137816249257,9.808624107878355,10.565883900637232,11.573150178345957,9.623401106340665,7.267207126630082,12.228979261147211,10.812477944278276,8.858265649717836,13.978335575365088,11.656335931465568,9.988801773779011,9.73045892965374,9.662316024253586,9.083567292790246,5.502277992189613,10.806190098920547,10.712977474735453,6.340310604334168,10.26728882714412,11.764821605245881,9.517545955766527,10.872603218500917,9.450185832622996,11.521256058894947,8.656064633021964,9.884288942778422,11.944394180741256,8.616854271805877,10.083728399078357,10.564983204161074,10.112253607855893,9.43363910768873,10.996761200188356,12.860989196782091,7.006700080636857,8.176993342163334,9.037088646324873,11.89798749780466,8.752592895009318,8.222887751871642,10.914657796615726,6.056568094243957,10.781332011510234,7.889070540418753,9.193457001912774,10.557802231205134,11.09755689397053,8.721978888939066,9.946772826452003,9.728065933895936,10.426372450026347,9.39397560674399,11.214769484028256,12.048361234384865,9.50079973535424,8.49139916550526,5.891376233119142,9.506885297412394,11.920079160323914,7.957191994129902,4.364797854228005,6.383067835568642,7.843234565062067,10.131769013542602,12.73831976963768,13.978335575365088,1
32161090,11.171167070372482,5.224452758821878,10.484045407792886,10.03906918083868,10.71624912222974,11.430949883843008,9.564413143424813,8.030528512091548,12.046180451425256,10.9762116965516,8.888962303914699,13.976275851325452,10.989189483908202,10.244921846689401,9.977084739369822,9.4927923668578,9.163062440868346,4.759526022002686,9.648321891459542,10.766264267729435,5.813236993020621,9.959261243376213,8.278967830700699,9.53646382695386,10.335402105934213,7.903884627091035,11.145224741195696,6.0748405698065975,10.173905903205132,11.737659740609253,9.014745152786354,10.200875707563752,8.044619542689201,9.330228251709599,8.098972560665668,10.288162846423019,10.402514400615296,6.6405200810102825,8.195687018432508,5.924162540397935,11.714082685792127,8.560554747950993,7.4498117703139295,10.84938568538646,6.092497641364592,8.842746801484621,7.827720128949151,9.273141195705762,10.16243337645102,10.893358027952086,8.062120995982577,9.55754669906697,10.114956643394118,10.922836915351443,9.53253851592915,9.244524994351137,9.57601523043952,9.14920415499505,7.969538895379562,5.573976267274581,9.621501149407118,11.740223698015127,8.447152968436804,4.303362796231345,6.23959796041424,8.114014519708563,9.810061425298583,12.395149246010986,13.966310421780724,2
32170322,11.436229176213775,4.973388212155841,10.671980647314284,9.845066231842267,10.654297856201444,11.563774230784256,9.913563479210524,7.036536762575574,12.999819639756412,11.090530136902842,8.742424325500972,13.848618142129604,11.348945821793485,10.198958889222679,10.276015743421533,9.841069672432546,9.154249490632086,5.38147528614917,10.630225039878537,10.726474676341436,6.594405761645142,10.4766865662051,11.674066028065605,9.356964445678482,10.717810203307119,9.711379562127057,12.056120280394303,8.700281380757952,11.03798887838703,12.021256136332868,8.292331177792807,10.520623902710206,10.625354466917113,10.236423888970004,9.647280715059962,11.409974630821516,12.983983116764028,6.5589782559666805,8.049864373804263,9.156967379025527,12.490337347341272,8.646102208840908,8.567873382059018,10.7659766503673,5.928566084638237,10.705590249855351,7.2064283679090355,9.181603170604369,11.018157472045868,11.633788244049773,9.327873255090466,10.111042587383745,9.997803769730158,10.694083663150463,10.314581068800967,11.324928825945465,12.191317470573162,9.584455789116808,8.743472151749824,5.217566080101245,9.320806365276136,12.189900198176856,7.512501026440695,4.303362796231345,6.174548267283867,7.997600358476234,10.184386906947667,12.886846822109954,13.886563125655453,1
32161284,10.99560694630084,4.586068359985428,10.492853689508273,9.957093392515034,10.466201778023587,11.103993278558047,9.452000291494533,7.496689290992579,11.462316260181375,10.64833736481509,8.920620336319935,13.875786464016905,10.510965068335084,9.876558967994283,9.850130567048637,9.531440340821561,9.173897895260367,4.77710268398253,10.432525947800446,10.512072016735408,5.843570535089708,9.889204131365512,11.421406474856642,9.692163397701153,10.27326161795714,8.888083573832931,10.704990416277743,8.364630238985097,9.735914655988422,11.389131833164162,9.035601930024368,9.724674510769557,10.378277907306698,9.55881587029858,8.002059557399269,10.504651678014273,12.34728744628833,6.368171941696743,8.509310059517814,6.9232577346753015,11.5019554201201,8.286842202211789,7.359537525535497,10.889538582916103,6.6865705508537685,9.95678179957793,7.7892208626899135,9.331194379810311,10.111208156588921,10.457034920715275,8.083068971153406,9.493323404820726,9.99070743058336,10.442482806744882,9.04157349466651,10.998149143182607,11.336266059006205,9.11058278042836,8.16283391311607,5.434357118441812,9.545340425747394,11.16462945204237,8.314687021051396,4.303362796231345,6.319792959610472,8.188076740935184,9.980880853323047,12.381515804601886,13.893251813801596,3
32170063,11.141828207215216,4.925170742545318,10.768190547167942,9.46717809745818,10.334276235339011,11.252267597616614,9.612249309119207,7.335870303626512,13.204858551470547,10.702852208256607,8.967284228586331,13.978335575365088,10.36819521576633,9.881706901305733,9.724399966992657,9.49785480210724,8.559443273144867,5.264351727923287,11.059528958925608,10.660231856514963,5.928642007814792,10.296620121423432,12.682760710443272,9.399450332648009,10.513611337288676,9.886231648742976,11.363965313977346,9.37583386796401,10.332334818144602,11.65397633376437,8.64804586478393,9.738808290398216,10.868167856021676,10.212744654300543,9.078902898518388,11.022438618636858,13.189988349060512,6.6831027237089895,8.089251431015171,9.464028918840825,11.929322652521481,8.689311029423648,8.476089312534732,10.91682438792918,6.161682588670776,10.938570720391922,7.4783425300050865,9.249557030289637,10.42597413782418,11.19847842034864,9.027484364025787,9.941749340319703,9.606256844950796,10.306879735485904,9.868197257529742,11.250423629725821,12.395859774428628,9.148907761713417,8.48066915872305,5.834573192060796,9.690304289841675,12.031568732541,7.677288660637011,4.303362796231345,6.017179150246239,8.050649056017816,9.95228935140856,12.488473511145857,13.978335575365088,1
32170321,11.019969272205369,5.0346975170463,10.553839923597828,9.430990567723363,10.308059534336506,10.974272171576676,9.523413972755787,7.4837258427994575,13.065407754542122,10.629689541763506,8.90913224672124,13.978335575365088,10.440949162850078,9.831899530292779,9.563990403007097,9.545133330441637,8.69438961430702,5.3404910622299155,10.71874874417303,10.540815776863779,6.087925417024968,10.146605906545897,11.997188996668424,9.454737179457311,10.510659474887817,9.403057400886347,11.271625002976096,8.95205227385008,9.926066145811737,11.575714135751836,8.738416366349652,9.368064944062734,10.489323754053911,9.973971659934204,8.794526844489651,10.745881279407598,12.809413923428824,6.424833403919947,8.079330805886652,8.738790657865561,11.876652723080499,8.597439561880421,8.16173858794388,11.026014913468671,6.195930873496207,10.551997847926524,7.655641677499077,9.377679676124954,10.333594090213687,10.913539494898476,8.794202901832481,9.802750391018296,9.532019827686293,10.234591274396138,9.642166980973316,10.953207984239258,11.933916961437689,8.911387495601364,8.194657241774525,5.8856051784869745,9.715163326360218,11.706239436015489,7.973639231848217,4.303362796231345,6.094677503939778,7.876782500446867,10.056981876619282,12.539090382442648,13.978335575365088,1
32161139,11.392197228734286,4.543426331175708,10.752201292496618,9.750542424419805,10.328221132978275,11.281123944804502,9.72916030908966,7.259596064119284,12.358129863953025,10.68022126318335,8.813509314212723,13.907512001490094,10.847697825603406,9.59017845940065,9.800300396552483,9.528203764185262,8.460519165464309,5.74118768489581,10.997636351701429,10.629853218749195,6.472359396302887,10.341460992733928,12.61254634295635,9.618148675397872,10.742636122986145,10.068591589286251,11.816376071298844,9.558610674949758,10.628502174034956,12.163428047543507,8.492332994338097,10.02726267734499,10.80041126060502,10.117003078770095,9.446890357321758,11.226864550993831,13.121172007736734,6.448043702689607,8.449504165142068,11.229323490218137,12.069044139495507,8.389012386313311,8.458759805343847,10.837001108839264,6.445593477296172,11.039163946688907,7.414954919735241,9.163799624158564,10.69651043464348,11.32221349098057,9.293432735756051,9.700735053406856,9.746984755061735,10.539255641896142,10.019884913562326,11.270418713052669,12.349365103285859,9.357772877353707,8.637677799797558,5.832878765402813,9.560010943209782,12.306839362518602,7.714919972461277,5.720493706607924,6.041239651504044,8.00451810167128,10.017416075176703,12.83661405833941,13.978335575365088,1
32161138,11.23437666236012,4.86190172648585,10.5075467738305,9.565550267649538,10.404628955892834,11.126889134359589,9.714015752372353,7.698154484783473,12.001321604029627,10.630919484430533,8.923956660695248,13.869010290056725,10.805298863541827,10.250476456995633,9.822895634384698,9.524483648509378,8.532277688909005,5.126992410110391,10.606704751646044,10.507619624280776,6.087136276843287,10.253064067145106,11.27567246046035,9.600058235455098,10.471727058927758,9.27049740563273,11.374523898718884,8.167595205191539,10.438926380217692,11.499684756734819,8.702396032824991,9.794582476160974,9.979084444042382,9.817285061559932,8.801183343606333,10.838108057239587,12.133972812887745,6.6384599362881955,8.025991414934236,7.951329809923131,11.648318597496054,8.292771967801393,7.905158624577769,10.838827100644925,6.837378132754397,10.141217811554585,7.748556698587126,9.126642166409171,10.261166550991568,10.900637396321388,8.798573752758104,9.77324310986183,9.659307442449316,10.279457690669712,9.77191598994375,10.960488298718305,11.327297884744105,9.11873644560868,8.260652245861303,5.569594160166487,9.603862899214528,11.959796847371381,8.149325219318548,4.323227682028498,5.882887128766238,8.100760420140137,9.818447835203264,12.508370199059346,13.85836088051132,3
32160509,11.135981248998132,4.6668256098543965,10.489305777968776,9.625848250871076,10.499977895879578,10.98584309374415,9.278025984981912,7.507757206511626,11.902131458482792,10.556460647588331,8.9752735474919,13.978335575365088,10.613266968829492,9.457892057945463,9.746638012921363,9.809442989316718,8.974168722535042,5.2031701526122145,10.038456101724657,10.24700707256488,6.293250513929544,10.264090030100114,10.645924784968232,9.606260644864664,10.839233927834787,9.07563402261422,11.348269353326618,8.189777202390706,9.334045265189095,11.57789964926016,8.570077332101935,9.540630432509131,9.78910300036462,9.769274099827651,8.580066355680056,10.963145920988822,12.479287731642671,6.549497599649977,8.196982789061188,7.8165953474498835,11.957459956304033,8.579282623444971,8.053461942257934,11.005616787390936,6.055862455308898,10.366020109465179,7.796681280235562,9.435716710595566,10.42503465084852,10.76291976978487,9.123244093433524,9.764605905641924,9.735010276488053,10.1171260730368,9.333805870615473,10.568346624300514,11.36604202486513,9.236605973852107,8.863527580445297,5.41916623063354,9.373872162430123,11.50797267809108,7.87338251341884,4.303362796231345,6.20662866131942,8.029210891958131,9.827737674629843,12.976082352430645,13.978335575365088,2
32161136,11.467677864099855,5.1776358485153695,10.65101485539023,9.997970965940311,10.580851356785182,11.86183664449157,10.246987204260256,7.321041252222588,12.285478096721613,10.80382104012191,8.875505858932849,13.947341906645713,11.425909011127693,10.257292231590439,9.710310836351931,9.629615865470301,9.028075250632122,5.278848588576448,10.986981263766019,10.686139179631226,6.421612993671571,10.397198209964516,12.04385112923586,9.503218380530644,10.633738891467251,9.712824479375016,11.917401669748775,9.000348229122395,10.91374007016418,11.765522672566085,8.562859395711389,10.261163712662336,10.532377424058245,10.125621192426962,8.736723504721862,11.021899336082857,12.744072359573595,6.811681693235371,8.422326231186137,9.431817048989457,11.84954667891876,8.595463606669531,8.48487091348159,10.755304532456496,6.596276353099817,10.773557827744892,7.963829351435492,9.126099728704645,10.562432492291613,11.080127660269044,8.940183242886206,9.674384550695482,9.877015907636805,10.661176074039343,9.605185269240275,11.225893842396625,11.94676040121066,9.41285357883572,8.148942377996434,6.108614657338108,9.340300873392804,12.31303638134092,8.035099808473664,4.303362796231345,5.850166026097899,8.208368280985471,9.991079822142334,12.371373508147652,13.74792992342551,1
32161330,11.34967905684498,5.29775077989759,10.986685131416195,10.029842718616509,10.826376296415658,11.671687508169525,9.594184518595037,7.031856792168161,12.211547189116489,11.23572013819641,8.899817707854524,13.978335575365088,11.46787181659735,10.217843239710234,10.118551860420805,9.753234663394645,9.284591286165787,4.8108777789842465,9.51842848576216,10.934152387888071,6.569207148865257,10.072552950783818,8.547457394829582,9.503459675061203,10.733610236029671,8.251207559944637,11.401771859342198,5.967001969466705,10.561773999909883,11.933523379784242,8.642939730525018,10.376248501906108,7.962655118826341,9.66430622914148,9.078158115400436,10.511444745975226,10.082530624142622,6.988160773435628,8.011182200615696,5.942077730423838,11.952209047225583,8.836779036756347,7.599846174413291,10.875838913824932,6.021670229443039,8.684311292753017,7.799576456983018,9.204822544289256,10.505284625432918,11.2106680982886,7.993073711082058,9.727938636781387,9.956940445981882,10.98099144297761,9.522885784728262,8.974987603973402,10.430426530278806,9.438622694725424,8.357532949859829,5.675709751005456,9.611202432848824,12.080927277878454,7.779074774639732,4.303362796231345,6.0763831501114645,8.076632867041013,10.11934848482514,12.69847395797042,13.978335575365088,2
